screening_id,candidate_id,canonical_paper_id,rank,title,year,authors,venue,doi,openalex_id,semantic_scholar_id,source_seed_ids,source_directions,citation_context_available,decision,decision_confidence,reason_code,reason_note,likely_paper_type,likely_dataset_relationship,named_datasets,agricultural_domain,vision_task,modalities,relevant_semantic_segmentation,relevant_instance_segmentation,relevant_panoptic_segmentation,relevant_object_detection,relevant_classification,relevant_tracking,relevant_phenotyping,relevant_3d_vision,relevant_remote_sensing,relevant_uav,relevant_robotics,relevant_multispectral,relevant_hyperspectral,relevant_thermal,relevant_depth_or_rgbd,relevant_lidar_or_point_cloud,relevant_multimodal,relevant_multitemporal,relevant_domain_adaptation,relevant_cross_sensor,relevant_missing_modality,relevant_corrupted_input,relevant_uncertainty,relevant_calibration,relevant_failure_detection,relevant_foundation_models,abstract_available,full_text_available,identity_status,reviewer,model,protocol_version,screened_at,notes
TA_R0001,doi:10.1038/s41597-024-02945-6,doi:10.1038/s41597-024-02945-6,1,Manually annotated and curated Dataset of diverse Weed Species in Maize and Sorghum for Computer Vision,2024,Nikita Genze; Wouter K. Vahl; Jennifer Groth; Maximilian Wirth; Michael Grieb; Dominik G. Grimm,Scientific Data,10.1038/s41597-024-02945-6,,,P008; P012,backward_reference; forward_citation,no,include,high,I01,Introduces MFWD dataset for weed species in maize/sorghum,dataset_paper,introduces_dataset,MFWD,maize;sorghum;weeds,classification;object_detection;instance_segmentation,RGB,yes,yes,no,yes,yes,no,no,no,no,no,no,no,no,no,no,no,no,no,no,no,no,no,no,no,no,no,yes,unknown,confirmed,opencode_ai,deepseek-v4-flash-free,AI_SCREENING_V1,2026-07-22T15:13:11Z,
TA_R0002,doi:10.48550/arxiv.2409.04038,doi:10.48550/arxiv.2409.04038,2,PlantSeg: A Large-Scale In-the-wild Dataset for Plant Disease Segmentation,2024,Tianqi Wei; Zhi Chen; Xin Yu; Scott Chapman; P. Melloy; Zi Huang,arXiv.org,10.48550/arxiv.2409.04038,,,P011,forward_citation,no,exclude,high,E05_DUPLICATE,arXiv preprint of P011 seed paper (PlantSeg in Scientific Data 2026),dataset_paper,introduces_dataset,PlantSeg,plant_diseases,semantic_segmentation,RGB,yes,no,no,no,no,no,no,no,no,no,no,no,no,no,no,no,no,no,no,no,no,no,no,no,no,no,yes,unknown,confirmed,opencode_ai,deepseek-v4-flash-free,AI_SCREENING_V1,2026-07-22T15:13:11Z,duplicate_of:doi:10.1038/s41597-025-06513-4
TA_R0003,doi:10.1038/s41598-025-05092-z,doi:10.1038/s41598-025-05092-z,3,WeedSwin hierarchical vision transformer with SAM-2 for multi-stage weed detection and classification,2025,Taminul Islam; Toqi Tahamid Sarker; Khaled R. Ahmed; Cristiana Bernardi Rankrape; Karla L. Gage,Scientific Reports,10.1038/s41598-025-05092-z,,,P012,forward_citation,no,include,high,I01;I02;I05,Introduces AWD and BWD weed datasets; uses SAM-2; compares on MFWD,dataset_paper,introduces_dataset,AWD;BWD,weeds,object_detection;classification,RGB,no,no,no,yes,yes,no,no,no,no,no,no,no,no,no,no,no,no,no,no,no,no,no,no,no,no,no,yes,unknown,confirmed,opencode_ai,deepseek-v4-flash-free,AI_SCREENING_V1,2026-07-22T15:13:11Z,
TA_R0004,doi:10.48550/arxiv.2512.01753,doi:10.48550/arxiv.2512.01753,4,AgriLiRa4D: A Multi-Sensor UAV Dataset for Robust SLAM in Challenging Agricultural Fields,2025,Zhihao Zhan; Yuhang Ming; Shao-Meng Li; Jie Yuan,arXiv.org,10.48550/arxiv.2512.01753,,,P010,forward_citation,no,include,high,I01;I06,Introduces AgriLiRa4D multi-modal UAV dataset for agricultural SLAM,dataset_paper,introduces_dataset,AgriLiRa4D,agricultural_fields,SLAM;localization,LiDAR;4D_Radar;IMU;multimodal,no,no,no,no,no,no,no,no,no,no,no,no,no,no,no,yes,yes,no,no,no,no,no,no,no,no,no,yes,unknown,confirmed,opencode_ai,deepseek-v4-flash-free,AI_SCREENING_V1,2026-07-22T15:13:11Z,
TA_R0005,doi:10.1038/s41597-026-07092-8,doi:10.1038/s41597-026-07092-8,5,A Leaf-Level Dataset for Soybean-Cotton Detection and Segmentation,2025,Thiago H. Segreto; Juliano D. Negri; Paulo H. Polegato; João Manoel Herrera Pinheiro; Ricardo V. Godoy; Marcelo Becker,Scientific Data,10.1038/s41597-026-07092-8,,,P012,forward_citation,no,include,high,I01,P008 SoyCotton seed paper — leaf-level dataset for soybean-cotton,dataset_paper,introduces_dataset,SoyCotton,soybean;cotton,detection;segmentation,RGB,yes,no,no,no,no,no,no,no,no,no,no,no,no,no,no,no,no,no,no,no,no,no,no,no,no,no,yes,unknown,confirmed,opencode_ai,deepseek-v4-flash-free,AI_SCREENING_V1,2026-07-22T15:13:11Z,
TA_R0006,doi:10.3390/electronics14204082,doi:10.3390/electronics14204082,6,A Low-Cost UAV System and Dataset for Real-Time Weed Detection in Salad Crops,2025,Alina L. Machidon; Andraž Krašovec; Veljko Pejović; Daniele Latini; Sarathchandrakumar T. Sasidharan; Fabio Del Frate; Octavian Machidon,Electronics,10.3390/electronics14204082,,,P010,forward_citation,no,include,high,I01;I05,Introduces AgriAdapt UAV dataset + low-cost UAV system for weed detection,dataset_paper,introduces_dataset,AgriAdapt,salad_crops;weeds,semantic_segmentation,RGB;UAV,yes,no,no,no,no,no,no,no,yes,yes,no,no,no,no,no,no,no,no,no,no,no,no,no,no,no,no,yes,unknown,confirmed,opencode_ai,deepseek-v4-flash-free,AI_SCREENING_V1,2026-07-22T15:13:11Z,
TA_R0007,doi:10.48550/arxiv.2505.07444,doi:10.48550/arxiv.2505.07444,7,Lightweight Multispectral Crop-Weed Segmentation for Precision Agriculture,2025,Zeynep Galymzhankyzy; E. Martinson,arXiv.org,10.48550/arxiv.2505.07444,,,P010,forward_citation,no,include,high,I05;I06;I02,Multispectral crop-weed segmentation on WeedsGalore; RGB+NIR+RE,method_paper,uses_dataset_experimentally,WeedsGalore,crops;weeds,semantic_segmentation,RGB;NIR;red-edge;multispectral,yes,no,no,no,no,no,no,no,no,no,no,yes,no,no,no,no,no,no,no,no,no,no,no,no,no,no,yes,unknown,confirmed,opencode_ai,deepseek-v4-flash-free,AI_SCREENING_V1,2026-07-22T15:13:11Z,
TA_R0008,doi:10.3389/fagro.2025.1629681,doi:10.3389/fagro.2025.1629681,8,Thermal and RGB image dataset for detection and management of Fall Army Worm (FAW) infestation in maize,2025,P Sandhya; B Venkataramana; T. Pradeesh Kumar; R. Sujatha,Frontiers in Agronomy,10.3389/fagro.2025.1629681,,,P012,forward_citation,no,include,high,I01;I06,Thermal+RGB dataset for Fall Army Worm detection in maize,dataset_paper,introduces_dataset,FAW_thermal_RGB,maize;pest_detection,classification;detection,RGB;thermal;multimodal,no,no,no,no,yes,no,no,no,no,no,no,no,no,yes,no,no,yes,no,no,no,no,no,no,no,no,no,yes,unknown,confirmed,opencode_ai,deepseek-v4-flash-free,AI_SCREENING_V1,2026-07-22T15:13:11Z,
TA_R0009,arxiv:260522034,arxiv:260522034,9,AgroVG: A Large-Scale Multi-Source Benchmark for Agricultural Visual Grounding,2026,Haochen Li; Juepeng Zheng; Zenghao Yang; Kaiqi Du; Guilong Xiao; Gengmeng Pu; Haohuan Fu; Jianxi Huang,,,,,P011,forward_citation,no,include,high,I04;I05,Multi-source benchmark for agricultural visual grounding from 10 datasets,benchmark_or_challenge,benchmarks_dataset,AgroVG,crops;weeds;fruit;wheat;pest;disease,visual_grounding;object_detection;instance_segmentation,RGB,yes,yes,no,yes,no,no,no,no,no,no,no,no,no,no,no,no,no,no,no,no,no,no,no,no,no,no,yes,unknown,confirmed,opencode_ai,deepseek-v4-flash-free,AI_SCREENING_V1,2026-07-22T15:13:11Z,
TA_R0010,doi:10.3389/fpls.2026.1761249,doi:10.3389/fpls.2026.1761249,10,PTV2-Fr: a point cloud segmentation network for phenotypic trait extraction and gibberellin effect analysis in sorghum seedlings,2026,Junyi Li; Yunqi Shao; Luxu Tian; Ziyi Zhang; Yurong Guo; Zhibo Zhong; Ruxiao Bai; Peng Yang; Feng Pan; Xiuqing Fu,Frontiers in Plant Science,10.3389/fpls.2026.1761249,,,P006,forward_citation,no,include,high,I05;I06,Point cloud segmentation for sorghum seedling phenotyping; 3D plant architecture,method_paper,uses_dataset_experimentally,,sorghum;phenotyping,semantic_segmentation,3D;point_cloud;RGB,yes,no,no,no,no,no,no,yes,no,no,no,no,no,no,no,yes,no,no,no,no,no,no,no,no,no,no,yes,unknown,confirmed,opencode_ai,deepseek-v4-flash-free,AI_SCREENING_V1,2026-07-22T15:13:11Z,
TA_R0011,doi:10.3390/robotics15040081,doi:10.3390/robotics15040081,11,"Robotics in Precision Agriculture: Task-, Platform-, and Evaluation-Oriented Review",2026,Natheer Almtireen; Mutaz Ryalat,Robotics,10.3390/robotics15040081,,,P003,forward_citation,no,include,high,I10,"Comprehensive review of agricultural robotics covering tasks, platforms, evaluation",survey_or_review,no_dataset_relationship,,general_agriculture,perception;localization;planning,multimodal;UAV;UGV,no,no,no,no,no,no,no,no,yes,yes,no,no,no,no,no,no,yes,no,no,no,no,no,no,no,no,no,yes,unknown,confirmed,opencode_ai,deepseek-v4-flash-free,AI_SCREENING_V1,2026-07-22T15:13:11Z,
TA_R0012,doi:10.1109/iccvw69036.2025.00742,doi:10.1109/iccvw69036.2025.00742,12,Decoder-Aware Self-Supervised Continual Pretraining and Uncertainty-Guided Pseudo-Labeling for Wheat Organ Segmentation,2025,Tapotosh Ghosh; Md. Jaber Al Nahian; Farnaz Sheikhi; Farhad Maleki,2025 IEEE/CVF International Conference on Computer Vision Workshops (ICCVW),10.1109/iccvw69036.2025.00742,,,P011,forward_citation,no,include,medium,I05;I08,Wheat organ segmentation with uncertainty-guided pseudo-labeling,method_paper,uses_dataset_experimentally,GWFSS,wheat;phenotyping,semantic_segmentation,RGB,yes,no,no,no,no,no,no,no,no,no,no,no,no,no,no,no,no,no,no,no,no,no,no,no,no,no,yes,unknown,confirmed,opencode_ai,deepseek-v4-flash-free,AI_SCREENING_V1,2026-07-22T15:13:11Z,
TA_R0013,doi:10.1002/ps.70881,doi:10.1002/ps.70881,13,<scp>ASVLB</scp> ‐Net: A lightweight network for multispectral weed segmentation with <scp>NDVI</scp> ‐guided adaptive fusion,2026,Zhengtong Dong; Zhenhua Mu; Jie Ji; Chuanming Song; Jianjun Wang; Zumin Wang,Pest Management Science,10.1002/ps.70881,,,P010,forward_citation,no,include,high,I05;I06,Multispectral weed segmentation with NDVI-guided adaptive fusion,method_paper,uses_dataset_experimentally,,weeds,semantic_segmentation,multispectral;NDVI;RGB,yes,no,no,no,no,no,no,no,no,no,no,yes,no,no,no,no,no,no,no,no,no,no,no,no,no,no,yes,unknown,confirmed,opencode_ai,deepseek-v4-flash-free,AI_SCREENING_V1,2026-07-22T15:13:11Z,
TA_R0014,doi:10.3389/fsufs.2026.1841305,doi:10.3389/fsufs.2026.1841305,14,"A deep learning perception framework for farm digital twins: weed species classification, semantic segmentation, and gradient-based visual interpretability",2026,Anjali Manoj; A Raj Kumar; S Dr. Remya; Somula Ramasubbareddy; Yong Yun Cho,Frontiers in Sustainable Food Systems,10.3389/fsufs.2026.1841305,,,P012,forward_citation,no,include,high,I02;I05,Uses MFWD for weed classification+segmentation; farm digital twin framework,method_paper,uses_dataset_experimentally,MFWD,weeds,classification;semantic_segmentation,RGB,yes,no,no,no,yes,no,no,no,no,no,no,no,no,no,no,no,no,no,no,no,no,no,no,no,no,no,yes,unknown,confirmed,opencode_ai,deepseek-v4-flash-free,AI_SCREENING_V1,2026-07-22T15:13:11Z,
TA_R0015,doi:10.3390/jimaging12050192,doi:10.3390/jimaging12050192,15,Automatic Polygon Annotation of Plant Objects for Training Dataset Preparation in Green Biomass Segmentation Tasks,2026,Evgeniy Ivliev; Valery Gvindjiliya; Danila Donskoy; Yevgeniy Chayka,Journal of Imaging,10.3390/jimaging12050192,,,P010,forward_citation,no,include,medium,I03;I05,Automatic polygon annotation method for green biomass segmentation training data,method_paper,extends_dataset,,crops;weeds,semantic_segmentation;instance_segmentation,RGB,yes,yes,no,no,no,no,no,no,no,no,no,no,no,no,no,no,no,no,no,no,no,no,no,no,no,no,yes,unknown,confirmed,opencode_ai,deepseek-v4-flash-free,AI_SCREENING_V1,2026-07-22T15:13:11Z,
TA_R0016,doi:10.48550/arxiv.2603.29941,doi:10.48550/arxiv.2603.29941,16,Better than Average: Spatially-Aware Aggregation of Segmentation Uncertainty Improves Downstream Performance,2026,V. E. Guarino; Claudia Winklmayr; Jannik Franzen; J. L. Rumberger; Manuel Pfeuffer; Sonja Greven; K. Maier-Hein; Carsten T. Lüth; Christoph Karg; Dagmar Kainmueller,arXiv.org,10.48550/arxiv.2603.29941,,,P010,forward_citation,no,include,high,I08;I05,Spatially-aware uncertainty aggregation for segmentation; evaluated on WeedsGalore,robustness_study,uses_dataset_experimentally,WeedsGalore,general,semantic_segmentation,RGB,yes,no,no,no,no,no,no,no,no,no,no,no,no,no,no,no,no,no,no,no,no,no,no,no,no,no,yes,unknown,confirmed,opencode_ai,deepseek-v4-flash-free,AI_SCREENING_V1,2026-07-22T15:13:11Z,
TA_R0017,doi:10.3390/app16083745,doi:10.3390/app16083745,17,ES2-LeafSeg: Lightweight State Space Modeling-Driven Agricultural Leaf Segmentation,2026,Hao Wang; Zhiyang Li; Peng Zhao; Jin Yu,Applied Sciences,10.3390/app16083745,,,P008,forward_citation,no,include,high,I05;I02,Lightweight leaf segmentation on SoyCotton dataset for edge deployment,method_paper,uses_dataset_experimentally,SoyCotton,soybean;cotton,semantic_segmentation,RGB,yes,no,no,no,no,no,no,no,no,no,no,no,no,no,no,no,no,no,no,no,no,no,no,no,no,no,yes,unknown,confirmed,opencode_ai,deepseek-v4-flash-free,AI_SCREENING_V1,2026-07-22T15:13:11Z,
TA_R0018,doi:10.48550/arxiv.2604.09907,doi:10.48550/arxiv.2604.09907,18,From UAV Imagery to Agronomic Reasoning: A Multimodal LLM Benchmark for Plant Phenotyping,2026,Yu Wu; Guangzeng Han; Ibrahima Niang; F. Ravelombola; Maiara Oliveira; Jason A. Davis; Dong Chen; Feng Lin; Xiaolei Huang,arXiv.org,10.48550/arxiv.2604.09907,,,P011,forward_citation,no,include,high,I04;I09;I05,Multimodal LLM benchmark for plant phenotyping from UAV imagery,benchmark_or_challenge,benchmarks_dataset,,soybean;cotton;phenotyping,classification;visual_question_answering,RGB;UAV;multimodal,no,no,no,no,yes,no,no,no,yes,yes,no,no,no,no,no,no,yes,no,no,no,no,no,no,no,no,no,yes,unknown,confirmed,opencode_ai,deepseek-v4-flash-free,AI_SCREENING_V1,2026-07-22T15:13:11Z,
TA_R0019,doi:10.1109/cipher70417.2026.11523795,doi:10.1109/cipher70417.2026.11523795,19,GTAssure: Ground Truth Quality Assurance Framework for Semantic Segmentation in Precision Agriculture,2026,Udaybhan Rathore; Amit Shakya; Rupesh Kumar; Shruti S. Phutke; Lalit Sharma,"2026 International Conference on Intelligent Processing, Hardware, Electronics, and Radio Systems (CIPHER)",10.1109/cipher70417.2026.11523795,,,P011,forward_citation,no,include,high,I05;I08,Ground truth quality assurance for semantic segmentation in precision agriculture,method_paper,uses_dataset_experimentally,NLB;LDSD;MinneApple;WGISD;CWFID,general_agriculture,semantic_segmentation,RGB,yes,no,no,no,no,no,no,no,no,no,no,no,no,no,no,no,no,no,no,no,no,no,no,no,no,no,yes,unknown,confirmed,opencode_ai,deepseek-v4-flash-free,AI_SCREENING_V1,2026-07-22T15:13:11Z,
TA_R0020,doi:10.3389/frobt.2026.1829436,doi:10.3389/frobt.2026.1829436,20,Object-centric diffusion policies for real-world robotic-arm imitation learning,2026,Prashant Reddy Kasu; Dugan Um,Frontiers in Robotics and AI,10.3389/frobt.2026.1829436,,,P013,forward_citation,no,include,medium,I05,Robotic imitation learning with plant morphology scenes; cited from TomatoPGT ecosystem,agricultural_robotics,no_dataset_relationship,,plant_scenes,robotic_manipulation,RGB;depth,no,no,no,no,no,no,no,no,no,no,yes,no,no,no,yes,no,no,no,no,no,no,no,no,no,no,no,yes,unknown,confirmed,opencode_ai,deepseek-v4-flash-free,AI_SCREENING_V1,2026-07-22T15:13:11Z,
TA_R0021,doi:10.1002/ppj2.70083,doi:10.1002/ppj2.70083,21,Pixel‐level supervision resolves overlap: Benchmarking YOLOv12 segmentation for accurate multi‐cluster dry bean stand counting from time series unoccupied aerial systems imagery,2026,Aliasghar Bazrafkan; Valerio Hoyos‐Villegas,The Plant Phenome Journal,10.1002/ppj2.70083,,,P001,forward_citation,no,include,high,I05,YOLOv12 segmentation for dry bean stand counting from UAS time series; phenotyping,method_paper,uses_dataset_experimentally,,dry_bean;phenotyping,instance_segmentation,RGB;UAV;multitemporal,yes,yes,no,no,no,no,no,no,yes,yes,no,no,no,no,no,no,no,yes,no,no,no,no,no,no,no,no,yes,unknown,confirmed,opencode_ai,deepseek-v4-flash-free,AI_SCREENING_V1,2026-07-22T15:15:05Z,
TA_R0022,arxiv:260503784,arxiv:260503784,22,ReLeaf: Benchmarking Leaf Segmentation across Domains and Species,2026,Robert Martinko; Daniel Steininger; Julia Simon; A. Trondl; M. Blaickner,,,,,P010,forward_citation,no,include,high,I04;I05,Benchmark for leaf segmentation across domains and species,benchmark_or_challenge,benchmarks_dataset,,general_plants,instance_segmentation,RGB,yes,yes,no,no,no,no,no,no,no,no,no,no,no,no,no,no,no,no,no,no,no,no,no,no,no,no,yes,unknown,confirmed,opencode_ai,deepseek-v4-flash-free,AI_SCREENING_V1,2026-07-22T15:15:05Z,
TA_R0023,doi:10.1109/tgrs.2026.3690653,doi:10.1109/tgrs.2026.3690653,23,RPD: Learning Efficient Crops and Weeds for Field Semantic Segmentation in Drone Images,2026,Fanghui Chen; Zhenchao Yang; Fengyuan Ren,IEEE Transactions on Geoscience and Remote Sensing,10.1109/tgrs.2026.3690653,,,P010,forward_citation,no,include,high,I05;I02,Crop-weed semantic segmentation in drone images; evaluated on WeedsGalore,method_paper,uses_dataset_experimentally,WeedsGalore,crops;weeds,semantic_segmentation,RGB;UAV,yes,no,no,no,no,no,no,no,yes,yes,no,no,no,no,no,no,no,no,no,no,no,no,no,no,no,no,yes,unknown,confirmed,opencode_ai,deepseek-v4-flash-free,AI_SCREENING_V1,2026-07-22T15:15:05Z,
TA_R0024,doi:10.1016/j.atech.2026.101875,doi:10.1016/j.atech.2026.101875,24,Unveiling the hidden: Early detection of invasive vegetation in crops with UAV multispectral imaging,2026,Henry O. Velesaca; Andrea Mero; Héctor Villegas; Ángel D. Sappa,Smart Agricultural Technology,10.1016/j.atech.2026.101875,,,P010,forward_citation,no,include,high,I05;I06,UAV multispectral early detection of invasive weeds; RGB-NIR fusion,method_paper,uses_dataset_experimentally,,weeds;invasive,object_detection,RGB;NIR;multispectral;UAV,no,no,no,yes,no,no,no,no,yes,yes,no,yes,no,no,no,no,no,no,no,no,no,no,no,no,no,no,yes,unknown,confirmed,opencode_ai,deepseek-v4-flash-free,AI_SCREENING_V1,2026-07-22T15:15:05Z,
TA_R0025,doi:10.15625/vap.2026.0019,doi:10.15625/vap.2026.0019,25,A Preliminary Study on U-Net for Crop Monitoring Using Low-Altitude Drone Imagery,2025,Pham Manh Thang; Hoang-Vu Truong; Hoang Van Manh; Do Nam; D. Viet,"Proceedings of the 8th International Conference on Engineering Mechanics and Automation ICEMA 2025 20th Anniversary of the Faculty of Engineering Mechanics and Automation, University of Engineering and Technology, Vietnam National University, Hanoi",10.15625/vap.2026.0019,,,P010,forward_citation,no,include,medium,I05,U-Net variants for weed/crop/soil segmentation from multispectral UAV,method_paper,uses_dataset_experimentally,,crops;weeds,semantic_segmentation,multispectral;UAV,yes,no,no,no,no,no,no,no,yes,yes,no,yes,no,no,no,no,no,no,no,no,no,no,no,no,no,no,yes,unknown,confirmed,opencode_ai,deepseek-v4-flash-free,AI_SCREENING_V1,2026-07-22T15:15:05Z,
TA_R0026,doi:10.1109/cict67193.2025.11399080,doi:10.1109/cict67193.2025.11399080,26,"AgriSeg: A Comprehensive Study on Semantic Segmentation for Leaf Disease, Fruit, and Crop-Weed Detection",2025,Udaybhan Rathore; Rupesh Kumar; Amit Shakya; Shruti S. Phutke; Lalit Sharma,Conference Information and Communication Technology,10.1109/cict67193.2025.11399080,,,P011,forward_citation,no,include,medium,I05,"Comprehensive study on semantic segmentation for leaf disease, fruit, crop-weed",method_paper,uses_dataset_experimentally,,general_agriculture,semantic_segmentation;instance_segmentation;object_detection,RGB,yes,yes,no,yes,no,no,no,no,no,no,no,no,no,no,no,no,no,no,no,no,no,no,no,no,no,no,yes,unknown,confirmed,opencode_ai,deepseek-v4-flash-free,AI_SCREENING_V1,2026-07-22T15:15:05Z,
TA_R0027,doi:10.1109/aict67988.2025.11268618,doi:10.1109/aict67988.2025.11268618,27,Residual-Enhanced YOLO with Motion-Blur Augmentation for UAV-Based Weed Detection,2025,Jamil Ahmad; Sara Mahmoud; Mohamed Mahmoud; Lama Elfateh; Mustaqeem Khan,Advanced Industrial Conference on Telecommunications,10.1109/aict67988.2025.11268618,,,P010,forward_citation,no,include,high,I05;I07,YOLO with motion-blur augmentation for UAV weed detection; robustness to blur,method_paper,uses_dataset_experimentally,,weeds,object_detection,RGB;UAV,no,no,no,yes,no,no,no,no,yes,yes,no,no,no,no,no,no,no,no,no,no,no,no,no,no,no,no,yes,unknown,confirmed,opencode_ai,deepseek-v4-flash-free,AI_SCREENING_V1,2026-07-22T15:15:05Z,
TA_R0028,doi:10.1016/j.biosystemseng.2025.104147,doi:10.1016/j.biosystemseng.2025.104147,28,3D plant segmentation: Comparing a 2D-to-3D segmentation method with state-of-the-art 3D segmentation algorithms,2025,Bart M. van Marrewijk; Tim van Daalen; Bolai Xin; E. V. van Henten; G. Polder; Gert Kootstra,Biosystems Engineering,10.1016/j.biosystemseng.2025.104147,,,P009,backward_reference; forward_citation,no,include,high,I05;I06,2D-to-3D vs 3D segmentation for plant point clouds; phenotyping; TomatoWUR,method_paper,uses_dataset_experimentally,TomatoWUR,tomato;phenotyping,semantic_segmentation;instance_segmentation,3D;point_cloud;RGB,yes,yes,no,no,no,no,no,yes,no,no,no,no,no,no,no,yes,no,no,no,no,no,no,no,no,no,no,yes,unknown,confirmed,opencode_ai,deepseek-v4-flash-free,AI_SCREENING_V1,2026-07-22T15:15:05Z,
TA_R0029,doi:10.47852/bonviewaia62028867,doi:10.47852/bonviewaia62028867,29,Comprehensive Review of Artificial Intelligence and Edge Computing for Precision Weed Control,2026,Adeayo Adewumi; D. Saraswat,Artificial Intelligence and Applications,10.47852/bonviewaia62028867,,,P012,forward_citation,no,include,high,I10,Comprehensive review of AI and edge computing for precision weed control,survey_or_review,no_dataset_relationship,,weeds,classification;detection,RGB,no,no,no,no,yes,no,no,no,no,no,no,no,no,no,no,no,no,no,no,no,no,no,no,no,no,no,yes,unknown,confirmed,opencode_ai,deepseek-v4-flash-free,AI_SCREENING_V1,2026-07-22T15:15:05Z,
TA_R0030,doi:10.3389/fpls.2026.1874446,doi:10.3389/fpls.2026.1874446,30,Hierarchical vision mamba U-net for farmland semantic segmentation from remote sensing imagery,2026,Jing Zhang; Ting Zhang; Guohong Qi,Frontiers in Plant Science,10.3389/fpls.2026.1874446,,,P007,forward_citation,no,include,high,I05,Vision Mamba U-Net for farmland semantic segmentation from remote sensing,method_paper,uses_dataset_experimentally,,farmland,semantic_segmentation,remote_sensing;RGB,yes,no,no,no,no,no,no,no,yes,no,no,no,no,no,no,no,no,no,no,no,no,no,no,no,no,no,yes,unknown,confirmed,opencode_ai,deepseek-v4-flash-free,AI_SCREENING_V1,2026-07-22T15:15:05Z,
TA_R0031,doi:10.3390/agronomy15081954,doi:10.3390/agronomy15081954,31,"Applications, Trends, and Challenges of Precision Weed Control Technologies Based on Deep Learning and Machine Vision",2025,Xingyue Gao; Jianmin Gao; Waqar Qureshi,Agronomy,10.3390/agronomy15081954,,,P010,forward_citation,no,include,high,I10,Review of deep learning and machine vision for precision weed control,survey_or_review,no_dataset_relationship,,weeds,detection;segmentation;classification,RGB;multispectral;UAV,yes,no,no,no,yes,no,no,no,yes,yes,no,yes,no,no,no,no,no,no,no,no,no,no,no,no,no,no,yes,unknown,confirmed,opencode_ai,deepseek-v4-flash-free,AI_SCREENING_V1,2026-07-22T15:15:05Z,
TA_R0032,doi:10.1109/incet64471.2025.11140034,doi:10.1109/incet64471.2025.11140034,32,An Efficient Weed Detection Model using RCNN and YOLO Algorithms,2025,G. Chamundeswari; Pardha Saradhi Chirumamilla; P. Srilatha; Raja Rajeswari Kalidindi; Peluru Janardhana Rao; S. Sushma,2025 6th International Conference for Emerging Technology (INCET),10.1109/incet64471.2025.11140034,,,P012,forward_citation,no,include,medium,I05,RCNN+YOLO weed detection; small custom sesame dataset,method_paper,uses_dataset_experimentally,,sesame;weeds,object_detection;classification,RGB,no,no,no,yes,yes,no,no,no,no,no,no,no,no,no,no,no,no,no,no,no,no,no,no,no,no,no,yes,unknown,confirmed,opencode_ai,deepseek-v4-flash-free,AI_SCREENING_V1,2026-07-22T15:15:05Z,
TA_R0033,doi:10.3389/fpls.2024.1356260,doi:10.3389/fpls.2024.1356260,33,"Revolutionizing agriculture with artificial intelligence: plant disease detection methods, applications, and their limitations",2024,Abbas Jafar; Nabila Bibi; Rizwan Ali Naqvi; Abolghasem Sadeghi‐Niaraki; Daesik Jeong,Frontiers in Plant Science,10.3389/fpls.2024.1356260,,,P011,backward_reference,no,include,high,I10;I05,"Review of AI plant disease detection methods, applications, limitations",survey_or_review,no_dataset_relationship,,plant_diseases,classification;detection;segmentation,RGB,yes,no,no,no,yes,no,no,no,no,no,no,no,no,no,no,no,no,no,no,no,no,no,no,no,no,no,yes,unknown,confirmed,opencode_ai,deepseek-v4-flash-free,AI_SCREENING_V1,2026-07-22T15:15:05Z,
TA_R0034,doi:10.1371/journal.pone.0256340,doi:10.1371/journal.pone.0256340,34,Pheno4D: A spatio-temporal dataset of maize and tomato plant point clouds for phenotyping and advanced plant analysis,2021,David Schunck; Federico Magistri; Radu Alexandru Roşu; André Cornelißen; Nived Chebrolu; Stefan Paulus; Jens Léon; Sven Behnke; Cyrill Stachniss; Heiner Kuhlmann; Lasse Klingbeil,PLoS ONE,10.1371/journal.pone.0256340,,,P006; P009; P013,backward_reference,no,include,high,I01,Pheno4D spatio-temporal maize/tomato point cloud dataset for phenotyping,dataset_paper,introduces_dataset,Pheno4D,maize;tomato;phenotyping,semantic_segmentation;instance_segmentation,3D;point_cloud;multitemporal,yes,yes,no,no,no,no,no,yes,no,no,no,no,no,no,no,yes,no,yes,no,no,no,no,no,no,no,no,yes,unknown,confirmed,opencode_ai,deepseek-v4-flash-free,AI_SCREENING_V1,2026-07-22T15:15:05Z,
TA_R0035,doi:10.1109/jstars.2024.3437469,doi:10.1109/jstars.2024.3437469,35,Advanced Plant Disease Segmentation in Precision Agriculture Using Optimal Dimensionality Reduction With Fuzzy C-Means Clustering and Deep Learning,2024,Mughair Aslam Bhatti; Zeeshan Zeeshan; Syam M.S.; Uzair Aslam Bhatti; Asad Khan; Yazeed Yasin Ghadi; Shrooq Alsenan; Yang Li; Muhammad Asif; Tahreem Afzal,IEEE Journal of Selected Topics in Applied Earth Observations and Remote Sensing,10.1109/jstars.2024.3437469,,,P011,backward_reference,no,include,high,I05;I06,Hyperspectral plant disease segmentation with dimensionality reduction,method_paper,uses_dataset_experimentally,,plant_diseases,semantic_segmentation;classification,hyperspectral;remote_sensing,yes,no,no,no,yes,no,no,no,yes,no,no,no,yes,no,no,no,no,no,no,no,no,no,no,no,no,no,yes,unknown,confirmed,opencode_ai,deepseek-v4-flash-free,AI_SCREENING_V1,2026-07-22T15:15:05Z,
TA_R0036,doi:10.1038/s41597-024-04290-0,doi:10.1038/s41597-024-04290-0,36,Crops3D: a diverse 3D crop dataset for realistic perception and segmentation toward agricultural applications,2024,Jianzhong Zhu; Ruifang Zhai; He Ren; Kai Xie; Aobo Du; Xinwei He; Chenxi Cui; Yinghua Wang; Junli Ye; Jiashi Wang; Xue Jiang; Yulong Wang; Chenglong Huang; Wanneng Yang,Scientific Data,10.1038/s41597-024-04290-0,,,P013,backward_reference,no,include,high,I01,Crops3D diverse 3D crop dataset for agricultural perception and segmentation,dataset_paper,introduces_dataset,Crops3D,general_crops,semantic_segmentation;instance_segmentation,3D;point_cloud;RGB,yes,yes,no,no,no,no,no,yes,no,no,no,no,no,no,no,yes,no,no,no,no,no,no,no,no,no,no,yes,unknown,confirmed,opencode_ai,deepseek-v4-flash-free,AI_SCREENING_V1,2026-07-22T15:15:05Z,
TA_R0037,doi:10.14719/pst.5141,doi:10.14719/pst.5141,37,Advances and trends in weed management: A comprehensive review,2024,M. Aparna; R. Baskaran; C. Harisudan; R. Kalpana; P. Boominanthan; R. Jaghadeeswaran,Plant Science Today,10.14719/pst.5141,,,P012,forward_citation,no,exclude,high,E03_NO_DATASET_RELEVANCE,General weed management review; no computer vision or dataset focus,survey_or_review,no_dataset_relationship,,weeds,,,no,no,no,no,no,no,no,no,no,no,no,no,no,no,no,no,no,no,no,no,no,no,no,no,no,no,yes,unknown,confirmed,opencode_ai,deepseek-v4-flash-free,AI_SCREENING_V1,2026-07-22T15:15:05Z,
TA_R0038,doi:10.1016/j.ecoinf.2024.102546,doi:10.1016/j.ecoinf.2024.102546,38,Weed database development: An updated survey of public weed datasets and cross-season weed detection adaptation,2024,Boyang Deng; Yuzhen Lu; Jiajun Xu,Ecological Informatics,10.1016/j.ecoinf.2024.102546,,,P010,backward_reference,no,include,high,I10;I07,Survey of public weed datasets and cross-season adaptation; domain adaptation,survey_or_review,mentions_dataset_only,,weeds,detection;segmentation,RGB;multispectral,yes,no,no,no,no,no,no,no,no,no,no,yes,no,no,no,no,no,no,no,no,no,no,no,no,no,no,yes,unknown,confirmed,opencode_ai,deepseek-v4-flash-free,AI_SCREENING_V1,2026-07-22T15:15:05Z,
TA_R0039,doi:10.3390/rs16234394,doi:10.3390/rs16234394,39,Deep Learning for Weed Detection and Segmentation in Agricultural Crops Using Images Captured by an Unmanned Aerial Vehicle,2024,Josef Augusto Oberdan Souza Silva; Vilson Soares de Siqueira; Márcio Mesquita; Luís Sérgio Rodrigues Vale; Thiago do Nascimento Borges Marques; J. L. B. D. Silva; M. V. Silva; L. N. Lacerda; José Francisco de Oliveira-Júnior; João L. M. P. de Lima; H. F. E. D. Oliveira,Remote Sensing,10.3390/rs16234394,,,P008,backward_reference,no,include,medium,I05,DL for weed detection and segmentation from UAV imagery,method_paper,uses_dataset_experimentally,,weeds,object_detection;semantic_segmentation,RGB;UAV,yes,no,no,yes,no,no,no,no,yes,yes,no,no,no,no,no,no,no,no,no,no,no,no,no,no,no,no,yes,unknown,confirmed,opencode_ai,deepseek-v4-flash-free,AI_SCREENING_V1,2026-07-22T15:15:05Z,
TA_R0040,doi:10.1109/itechsecom64750.2025.11307551,doi:10.1109/itechsecom64750.2025.11307551,40,Weed and Crop Detection Using YOLOv7: A Step Toward Smarter Precision Agriculture,2025,Subramanya Bharathvamsi Koneti,2025 Second International Conference on Intelligent Technologies for Sustainable Electric and Communications Systems (iTech SECOM),10.1109/itechsecom64750.2025.11307551,,,P012,forward_citation,no,include,medium,I05,YOLOv7 for weed and crop detection; precision agriculture,method_paper,uses_dataset_experimentally,,weeds;crops,object_detection,RGB,no,no,no,yes,no,no,no,no,no,no,no,no,no,no,no,no,no,no,no,no,no,no,no,no,no,no,yes,unknown,confirmed,opencode_ai,deepseek-v4-flash-free,AI_SCREENING_V1,2026-07-22T15:15:05Z,
