screening_id,candidate_id,rank,title,decision,decision_confidence,reason_code,reason_note,likely_paper_type,likely_dataset_relationship,named_datasets,agricultural_domain,vision_task,modalities,relevance_yes,relevance_unclear,abstract_available,full_text_available,identity_status,reviewer,model,protocol_version,screened_at,batch_id,source_queue_sha256,supersedes_screening_id,notes,year,publication_date,authors,venue,journal,doi,arxiv_id,pmid,pmcid,providers,provider_ids,source_seed_ids,source_directions,queue_dataset_names,priority_score,is_open_access,landing_url,pdf_url,relevant_semantic_segmentation,relevant_instance_segmentation,relevant_panoptic_segmentation,relevant_object_detection,relevant_classification,relevant_tracking,relevant_phenotyping,relevant_3d_vision,relevant_remote_sensing,relevant_uav,relevant_robotics,relevant_multispectral,relevant_hyperspectral,relevant_thermal,relevant_depth_or_rgbd,relevant_lidar_or_point_cloud,relevant_multimodal,relevant_multitemporal,relevant_domain_adaptation,relevant_cross_sensor,relevant_missing_modality,relevant_corrupted_input,relevant_uncertainty,relevant_calibration,relevant_failure_detection,relevant_foundation_models
TA_R0001,doi:10.1038/s41597-024-02945-6,1,Manually annotated and curated Dataset of diverse Weed Species in Maize and Sorghum for Computer Vision,include,high,I01,Introduces MFWD dataset for weed species in maize/sorghum,dataset_paper,introduces_dataset,MFWD,maize;sorghum;weeds,classification;object_detection;instance_segmentation,RGB,semantic_segmentation;instance_segmentation;object_detection;classification,,yes,unknown,confirmed,opencode_ai,deepseek-v4-flash-free,AI_SCREENING_V1,2026-07-22T15:13:11Z,B001,feb7c8a80978b97f3bdcffd7291708e8ac5282301ce06c793247227bc43712be,,,2024,2024-01-23,Nikita Genze; Wouter K. Vahl; Jennifer Groth; Maximilian Wirth; Michael Grieb; Dominik G. Grimm,Scientific Data,"Scientific Data, 11",10.1038/s41597-024-02945-6,,38263173,10805845,openalex; semantic_scholar,openalex:W4391140742; semantic_scholar:4989d9c9236d181a6bf32fd612ca7ee4070865f8,P008; P012,backward_reference; forward_citation,MFWD; SoyCotton,19.954,True,https://www.semanticscholar.org/paper/4989d9c9236d181a6bf32fd612ca7ee4070865f8,https://www.nature.com/articles/s41597-024-02945-6.pdf,yes,yes,no,yes,yes,no,no,no,no,no,no,no,no,no,no,no,no,no,no,no,no,no,no,no,no,no
TA_R0002,doi:10.48550/arxiv.2409.04038,2,PlantSeg: A Large-Scale In-the-wild Dataset for Plant Disease Segmentation,exclude,high,E05_DUPLICATE,arXiv preprint of P011 seed paper (PlantSeg in Scientific Data 2026),dataset_paper,introduces_dataset,PlantSeg,plant_diseases,semantic_segmentation,RGB,semantic_segmentation,,yes,unknown,confirmed,opencode_ai,deepseek-v4-flash-free,AI_SCREENING_V1,2026-07-22T15:13:11Z,B001,feb7c8a80978b97f3bdcffd7291708e8ac5282301ce06c793247227bc43712be,,duplicate_of:doi:10.1038/s41597-025-06513-4,2024,2024-09-06,Tianqi Wei; Zhi Chen; Xin Yu; Scott Chapman; P. Melloy; Zi Huang,arXiv.org,"ArXiv, abs/2409.04038",10.48550/arxiv.2409.04038,2409.04038,,,semantic_scholar,semantic_scholar:a96433046b8c36c10d8e85f5119af0c9c1897e64,P011,forward_citation,PlantSeg,18.568,False,https://www.semanticscholar.org/paper/a96433046b8c36c10d8e85f5119af0c9c1897e64,,yes,no,no,no,no,no,no,no,no,no,no,no,no,no,no,no,no,no,no,no,no,no,no,no,no,no
TA_R0003,doi:10.1038/s41598-025-05092-z,3,WeedSwin hierarchical vision transformer with SAM-2 for multi-stage weed detection and classification,include,high,I01;I02;I05,Introduces AWD and BWD weed datasets; uses SAM-2; compares on MFWD,dataset_paper,introduces_dataset,AWD;BWD,weeds,object_detection;classification,RGB,object_detection;classification,,yes,unknown,confirmed,opencode_ai,deepseek-v4-flash-free,AI_SCREENING_V1,2026-07-22T15:13:11Z,B001,feb7c8a80978b97f3bdcffd7291708e8ac5282301ce06c793247227bc43712be,,,2025,2025-07-02,Taminul Islam; Toqi Tahamid Sarker; Khaled R. Ahmed; Cristiana Bernardi Rankrape; Karla L. Gage,Scientific Reports,"Scientific Reports, 15",10.1038/s41598-025-05092-z,,40603967,12222661,openalex; semantic_scholar,openalex:W4411865517; semantic_scholar:d01e791b4942aae325849666a9e02ecb4ad5a3c9,P012,forward_citation,MFWD,18.176,False,https://www.semanticscholar.org/paper/d01e791b4942aae325849666a9e02ecb4ad5a3c9,https://www.nature.com/articles/s41598-025-05092-z.pdf,no,no,no,yes,yes,no,no,no,no,no,no,no,no,no,no,no,no,no,no,no,no,no,no,no,no,no
TA_R0004,doi:10.48550/arxiv.2512.01753,4,AgriLiRa4D: A Multi-Sensor UAV Dataset for Robust SLAM in Challenging Agricultural Fields,include,high,I01;I06,Introduces AgriLiRa4D multi-modal UAV dataset for agricultural SLAM,dataset_paper,introduces_dataset,AgriLiRa4D,agricultural_fields,SLAM;localization,LiDAR;4D_Radar;IMU;multimodal,lidar_or_point_cloud;multimodal,,yes,unknown,confirmed,opencode_ai,deepseek-v4-flash-free,AI_SCREENING_V1,2026-07-22T15:13:11Z,B001,feb7c8a80978b97f3bdcffd7291708e8ac5282301ce06c793247227bc43712be,,,2025,2025-12-01,Zhihao Zhan; Yuhang Ming; Shao-Meng Li; Jie Yuan,arXiv.org,"ArXiv, abs/2512.01753",10.48550/arxiv.2512.01753,2512.01753,,,semantic_scholar,semantic_scholar:3cd679072dc7d0c479b95786ba3dd22d0bd573a6,P010,forward_citation,WeedsGalore,17.699,False,https://www.semanticscholar.org/paper/3cd679072dc7d0c479b95786ba3dd22d0bd573a6,,no,no,no,no,no,no,no,no,no,no,no,no,no,no,no,yes,yes,no,no,no,no,no,no,no,no,no
TA_R0005,doi:10.1038/s41597-026-07092-8,5,A Leaf-Level Dataset for Soybean-Cotton Detection and Segmentation,include,high,I01,P008 SoyCotton seed paper — leaf-level dataset for soybean-cotton,dataset_paper,introduces_dataset,SoyCotton,soybean;cotton,detection;segmentation,RGB,semantic_segmentation,,yes,unknown,confirmed,opencode_ai,deepseek-v4-flash-free,AI_SCREENING_V1,2026-07-22T15:13:11Z,B001,feb7c8a80978b97f3bdcffd7291708e8ac5282301ce06c793247227bc43712be,,,2025,2025-03-03,Thiago H. Segreto; Juliano D. Negri; Paulo H. Polegato; João Manoel Herrera Pinheiro; Ricardo V. Godoy; Marcelo Becker,Scientific Data,"Scientific Data, 13",10.1038/s41597-026-07092-8,2503.01605,41986374,13253868,semantic_scholar,semantic_scholar:014ad8f291deba9a984b5ccf94ceab61691f23b9,P012,forward_citation,MFWD,17.602,True,https://www.semanticscholar.org/paper/014ad8f291deba9a984b5ccf94ceab61691f23b9,https://doi.org/10.1038/s41597-026-07092-8,yes,no,no,no,no,no,no,no,no,no,no,no,no,no,no,no,no,no,no,no,no,no,no,no,no,no
TA_R0006,doi:10.3390/electronics14204082,6,A Low-Cost UAV System and Dataset for Real-Time Weed Detection in Salad Crops,include,high,I01;I05,Introduces AgriAdapt UAV dataset + low-cost UAV system for weed detection,dataset_paper,introduces_dataset,AgriAdapt,salad_crops;weeds,semantic_segmentation,RGB;UAV,semantic_segmentation;remote_sensing;uav,,yes,unknown,confirmed,opencode_ai,deepseek-v4-flash-free,AI_SCREENING_V1,2026-07-22T15:13:11Z,B001,feb7c8a80978b97f3bdcffd7291708e8ac5282301ce06c793247227bc43712be,,,2025,2025-10-17,Alina L. Machidon; Andraž Krašovec; Veljko Pejović; Daniele Latini; Sarathchandrakumar T. Sasidharan; Fabio Del Frate; Octavian Machidon,Electronics,Multidisciplinary Digital Publishing Institute,10.3390/electronics14204082,,,,openalex; semantic_scholar,openalex:W4415299263; semantic_scholar:3038f91196c9e4d4c5d04d5bdbd5f9674adccccc,P010,forward_citation,WeedsGalore,17.477,True,https://www.semanticscholar.org/paper/3038f91196c9e4d4c5d04d5bdbd5f9674adccccc,https://www.mdpi.com/2079-9292/14/20/4082/pdf?version=1760691655,yes,no,no,no,no,no,no,no,yes,yes,no,no,no,no,no,no,no,no,no,no,no,no,no,no,no,no
TA_R0007,doi:10.48550/arxiv.2505.07444,7,Lightweight Multispectral Crop-Weed Segmentation for Precision Agriculture,include,high,I05;I06;I02,Multispectral crop-weed segmentation on WeedsGalore; RGB+NIR+RE,method_paper,uses_dataset_experimentally,WeedsGalore,crops;weeds,semantic_segmentation,RGB;NIR;red-edge;multispectral,semantic_segmentation;multispectral,,yes,unknown,confirmed,opencode_ai,deepseek-v4-flash-free,AI_SCREENING_V1,2026-07-22T15:13:11Z,B001,feb7c8a80978b97f3bdcffd7291708e8ac5282301ce06c793247227bc43712be,,,2025,2025-05-12,Zeynep Galymzhankyzy; E. Martinson,arXiv.org,"ArXiv, abs/2505.07444",10.48550/arxiv.2505.07444,2505.07444,,,semantic_scholar,semantic_scholar:a22923c88b0cf4d415028b65a7bf7e6916b35f07,P010,forward_citation,WeedsGalore,17.477,False,https://www.semanticscholar.org/paper/a22923c88b0cf4d415028b65a7bf7e6916b35f07,,yes,no,no,no,no,no,no,no,no,no,no,yes,no,no,no,no,no,no,no,no,no,no,no,no,no,no
TA_R0008,doi:10.3389/fagro.2025.1629681,8,Thermal and RGB image dataset for detection and management of Fall Army Worm (FAW) infestation in maize,include,high,I01;I06,Thermal+RGB dataset for Fall Army Worm detection in maize,dataset_paper,introduces_dataset,FAW_thermal_RGB,maize;pest_detection,classification;detection,RGB;thermal;multimodal,classification;thermal;multimodal,,yes,unknown,confirmed,opencode_ai,deepseek-v4-flash-free,AI_SCREENING_V1,2026-07-22T15:13:11Z,B001,feb7c8a80978b97f3bdcffd7291708e8ac5282301ce06c793247227bc43712be,,,2025,2025-08-20,P Sandhya; B Venkataramana; T. Pradeesh Kumar; R. Sujatha,Frontiers in Agronomy,Frontiers in Agronomy,10.3389/fagro.2025.1629681,,,,openalex; semantic_scholar,openalex:W4413364597; semantic_scholar:e76773f50071a0c8ccd7c28bc791bb3a3e4c7a03,P012,forward_citation,MFWD,17.477,True,https://www.semanticscholar.org/paper/e76773f50071a0c8ccd7c28bc791bb3a3e4c7a03,https://www.frontiersin.org/journals/agronomy/articles/10.3389/fagro.2025.1629681/pdf,no,no,no,no,yes,no,no,no,no,no,no,no,no,yes,no,no,yes,no,no,no,no,no,no,no,no,no
TA_R0009,arxiv:260522034,9,AgroVG: A Large-Scale Multi-Source Benchmark for Agricultural Visual Grounding,include,high,I04;I05,Multi-source benchmark for agricultural visual grounding from 10 datasets,benchmark_or_challenge,benchmarks_dataset,AgroVG,crops;weeds;fruit;wheat;pest;disease,visual_grounding;object_detection;instance_segmentation,RGB,semantic_segmentation;instance_segmentation;object_detection,,yes,unknown,confirmed,opencode_ai,deepseek-v4-flash-free,AI_SCREENING_V1,2026-07-22T15:13:11Z,B001,feb7c8a80978b97f3bdcffd7291708e8ac5282301ce06c793247227bc43712be,,,2026,2026-05-21,Haochen Li; Juepeng Zheng; Zenghao Yang; Kaiqi Du; Guilong Xiao; Gengmeng Pu; Haohuan Fu; Jianxi Huang,,,,2605.22034,,,semantic_scholar,semantic_scholar:ddd769f8e948376dbefcfe3959c171960eadc2cc,P011,forward_citation,PlantSeg,17.301,False,https://www.semanticscholar.org/paper/ddd769f8e948376dbefcfe3959c171960eadc2cc,,yes,yes,no,yes,no,no,no,no,no,no,no,no,no,no,no,no,no,no,no,no,no,no,no,no,no,no
TA_R0010,doi:10.3389/fpls.2026.1761249,10,PTV2-Fr: a point cloud segmentation network for phenotypic trait extraction and gibberellin effect analysis in sorghum seedlings,include,high,I05;I06,Point cloud segmentation for sorghum seedling phenotyping; 3D plant architecture,method_paper,uses_dataset_experimentally,unknown,sorghum;phenotyping,semantic_segmentation,3D;point_cloud;RGB,semantic_segmentation;3d_vision;lidar_or_point_cloud,,yes,unknown,confirmed,opencode_ai,deepseek-v4-flash-free,AI_SCREENING_V1,2026-07-22T15:13:11Z,B001,feb7c8a80978b97f3bdcffd7291708e8ac5282301ce06c793247227bc43712be,,,2026,2026-02-19,Junyi Li; Yunqi Shao; Luxu Tian; Ziyi Zhang; Yurong Guo; Zhibo Zhong; Ruxiao Bai; Peng Yang; Feng Pan; Xiuqing Fu,Frontiers in Plant Science,"Frontiers in Plant Science, 17",10.3389/fpls.2026.1761249,,41799987,12961441,semantic_scholar,semantic_scholar:082843169131f92a0d697999b24e496578615735,P006,forward_citation,Annotated 3D Point Cloud Dataset of Broad-Leaf Legumes,17.301,False,https://www.semanticscholar.org/paper/082843169131f92a0d697999b24e496578615735,,yes,no,no,no,no,no,no,yes,no,no,no,no,no,no,no,yes,no,no,no,no,no,no,no,no,no,no
TA_R0011,doi:10.3390/robotics15040081,11,"Robotics in Precision Agriculture: Task-, Platform-, and Evaluation-Oriented Review",include,high,I10,"Comprehensive review of agricultural robotics covering tasks, platforms, evaluation",survey_or_review,no_dataset_relationship,,general_agriculture,perception;localization;planning,multimodal;UAV;UGV,remote_sensing;uav;multimodal,,yes,unknown,confirmed,opencode_ai,deepseek-v4-flash-free,AI_SCREENING_V1,2026-07-22T15:13:11Z,B001,feb7c8a80978b97f3bdcffd7291708e8ac5282301ce06c793247227bc43712be,,,2026,2026-04-20,Natheer Almtireen; Mutaz Ryalat,Robotics,Multidisciplinary Digital Publishing Institute,10.3390/robotics15040081,,,,openalex,openalex:W7154939536,P003,forward_citation,AgriVision,17.301,True,https://doi.org/10.3390/robotics15040081,,no,no,no,no,no,no,no,no,yes,yes,no,no,no,no,no,no,yes,no,no,no,no,no,no,no,no,no
TA_R0012,doi:10.1109/iccvw69036.2025.00742,12,Decoder-Aware Self-Supervised Continual Pretraining and Uncertainty-Guided Pseudo-Labeling for Wheat Organ Segmentation,include,medium,I05;I08,Wheat organ segmentation with uncertainty-guided pseudo-labeling,method_paper,uses_dataset_experimentally,GWFSS,wheat;phenotyping,semantic_segmentation,RGB,semantic_segmentation,,yes,unknown,confirmed,opencode_ai,deepseek-v4-flash-free,AI_SCREENING_V1,2026-07-22T15:13:11Z,B001,feb7c8a80978b97f3bdcffd7291708e8ac5282301ce06c793247227bc43712be,,,2025,2025-10-19,Tapotosh Ghosh; Md. Jaber Al Nahian; Farnaz Sheikhi; Farhad Maleki,2025 IEEE/CVF International Conference on Computer Vision Workshops (ICCVW),"2025 IEEE/CVF International Conference on Computer Vision Workshops (ICCVW), 3516-3526",10.1109/iccvw69036.2025.00742,,,,openalex; semantic_scholar,openalex:W7131133125; semantic_scholar:5288e4b4b8fc6092d803b675d9de728956dbe9d3,P011,forward_citation,PlantSeg,17.301,False,https://www.semanticscholar.org/paper/5288e4b4b8fc6092d803b675d9de728956dbe9d3,,yes,no,no,no,no,no,no,no,no,no,no,no,no,no,no,no,no,no,no,no,no,no,no,no,no,no
TA_R0013,doi:10.1002/ps.70881,13,<scp>ASVLB</scp> ‐Net: A lightweight network for multispectral weed segmentation with <scp>NDVI</scp> ‐guided adaptive fusion,include,high,I05;I06,Multispectral weed segmentation with NDVI-guided adaptive fusion,method_paper,uses_dataset_experimentally,unknown,weeds,semantic_segmentation,multispectral;NDVI;RGB,semantic_segmentation;multispectral,,yes,unknown,confirmed,opencode_ai,deepseek-v4-flash-free,AI_SCREENING_V1,2026-07-22T15:13:11Z,B001,feb7c8a80978b97f3bdcffd7291708e8ac5282301ce06c793247227bc43712be,,,2026,2026-05-05,Zhengtong Dong; Zhenhua Mu; Jie Ji; Chuanming Song; Jianjun Wang; Zumin Wang,Pest Management Science,Wiley,10.1002/ps.70881,,42087361,,openalex,openalex:W7160444453,P010,forward_citation,WeedsGalore,17.0,False,https://doi.org/10.1002/ps.70881,,yes,no,no,no,no,no,no,no,no,no,no,yes,no,no,no,no,no,no,no,no,no,no,no,no,no,no
TA_R0014,doi:10.3389/fsufs.2026.1841305,14,"A deep learning perception framework for farm digital twins: weed species classification, semantic segmentation, and gradient-based visual interpretability",include,high,I02;I05,Uses MFWD for weed classification+segmentation; farm digital twin framework,method_paper,uses_dataset_experimentally,MFWD,weeds,classification;semantic_segmentation,RGB,semantic_segmentation;classification,,yes,unknown,confirmed,opencode_ai,deepseek-v4-flash-free,AI_SCREENING_V1,2026-07-22T15:13:11Z,B001,feb7c8a80978b97f3bdcffd7291708e8ac5282301ce06c793247227bc43712be,,,2026,2026-07-08,Anjali Manoj; A Raj Kumar; S Dr. Remya; Somula Ramasubbareddy; Yong Yun Cho,Frontiers in Sustainable Food Systems,Frontiers in Sustainable Food Systems,10.3389/fsufs.2026.1841305,,,,openalex; semantic_scholar,openalex:W7167729612; semantic_scholar:a56510cf2d28ac8056e7e57b818d9f83ca14a37f,P012,forward_citation,MFWD,17.0,True,https://www.semanticscholar.org/paper/a56510cf2d28ac8056e7e57b818d9f83ca14a37f,https://doi.org/10.3389/fsufs.2026.1841305,yes,no,no,no,yes,no,no,no,no,no,no,no,no,no,no,no,no,no,no,no,no,no,no,no,no,no
TA_R0015,doi:10.3390/jimaging12050192,15,Automatic Polygon Annotation of Plant Objects for Training Dataset Preparation in Green Biomass Segmentation Tasks,include,medium,I03;I05,Automatic polygon annotation method for green biomass segmentation training data,method_paper,extends_dataset,unknown,crops;weeds,semantic_segmentation;instance_segmentation,RGB,semantic_segmentation;instance_segmentation,,yes,unknown,confirmed,opencode_ai,deepseek-v4-flash-free,AI_SCREENING_V1,2026-07-22T15:13:11Z,B001,feb7c8a80978b97f3bdcffd7291708e8ac5282301ce06c793247227bc43712be,,,2026,2026-04-30,Evgeniy Ivliev; Valery Gvindjiliya; Danila Donskoy; Yevgeniy Chayka,Journal of Imaging,Multidisciplinary Digital Publishing Institute,10.3390/jimaging12050192,,42188229,13207801,openalex; semantic_scholar,openalex:W7160114587; semantic_scholar:07daacea6d8747ebf9e31827a01ce43777c5ab78,P010,forward_citation,WeedsGalore,17.0,True,https://www.semanticscholar.org/paper/07daacea6d8747ebf9e31827a01ce43777c5ab78,https://doi.org/10.3390/jimaging12050192,yes,yes,no,no,no,no,no,no,no,no,no,no,no,no,no,no,no,no,no,no,no,no,no,no,no,no
TA_R0016,doi:10.48550/arxiv.2603.29941,16,Better than Average: Spatially-Aware Aggregation of Segmentation Uncertainty Improves Downstream Performance,include,high,I08;I05,Spatially-aware uncertainty aggregation for segmentation; evaluated on WeedsGalore,robustness_study,uses_dataset_experimentally,WeedsGalore,general,semantic_segmentation,RGB,semantic_segmentation,,yes,unknown,confirmed,opencode_ai,deepseek-v4-flash-free,AI_SCREENING_V1,2026-07-22T15:13:11Z,B001,feb7c8a80978b97f3bdcffd7291708e8ac5282301ce06c793247227bc43712be,,,2026,2026-03-31,V. E. Guarino; Claudia Winklmayr; Jannik Franzen; J. L. Rumberger; Manuel Pfeuffer; Sonja Greven; K. Maier-Hein; Carsten T. Lüth; Christoph Karg; Dagmar Kainmueller,arXiv.org,"ArXiv, abs/2603.29941",10.48550/arxiv.2603.29941,2603.29941,,,semantic_scholar,semantic_scholar:21bb374dc1576f6fddb1dc15b4aad128ca1f8a65,P010,forward_citation,WeedsGalore,17.0,False,https://www.semanticscholar.org/paper/21bb374dc1576f6fddb1dc15b4aad128ca1f8a65,,yes,no,no,no,no,no,no,no,no,no,no,no,no,no,no,no,no,no,no,no,no,no,no,no,no,no
TA_R0017,doi:10.3390/app16083745,17,ES2-LeafSeg: Lightweight State Space Modeling-Driven Agricultural Leaf Segmentation,include,high,I05;I02,Lightweight leaf segmentation on SoyCotton dataset for edge deployment,method_paper,uses_dataset_experimentally,SoyCotton,soybean;cotton,semantic_segmentation,RGB,semantic_segmentation,,yes,unknown,confirmed,opencode_ai,deepseek-v4-flash-free,AI_SCREENING_V1,2026-07-22T15:13:11Z,B001,feb7c8a80978b97f3bdcffd7291708e8ac5282301ce06c793247227bc43712be,,,2026,2026-04-10,Hao Wang; Zhiyang Li; Peng Zhao; Jin Yu,Applied Sciences,Applied Sciences,10.3390/app16083745,,,,semantic_scholar,semantic_scholar:daddb44cf68bbdd0aa1627ac080632d697f1bc29,P008,forward_citation,SoyCotton,17.0,True,https://www.semanticscholar.org/paper/daddb44cf68bbdd0aa1627ac080632d697f1bc29,https://www.mdpi.com/2076-3417/16/8/3745/pdf?version=1775830735,yes,no,no,no,no,no,no,no,no,no,no,no,no,no,no,no,no,no,no,no,no,no,no,no,no,no
TA_R0018,doi:10.48550/arxiv.2604.09907,18,From UAV Imagery to Agronomic Reasoning: A Multimodal LLM Benchmark for Plant Phenotyping,include,high,I04;I09;I05,Multimodal LLM benchmark for plant phenotyping from UAV imagery,benchmark_or_challenge,benchmarks_dataset,unknown,soybean;cotton;phenotyping,classification;visual_question_answering,RGB;UAV;multimodal,classification;remote_sensing;uav;multimodal,,yes,unknown,confirmed,opencode_ai,deepseek-v4-flash-free,AI_SCREENING_V1,2026-07-22T15:13:11Z,B001,feb7c8a80978b97f3bdcffd7291708e8ac5282301ce06c793247227bc43712be,,,2026,2026-04-10,Yu Wu; Guangzeng Han; Ibrahima Niang; F. Ravelombola; Maiara Oliveira; Jason A. Davis; Dong Chen; Feng Lin; Xiaolei Huang,arXiv.org,"ArXiv, abs/2604.09907",10.48550/arxiv.2604.09907,2604.09907,,,semantic_scholar,semantic_scholar:e2653d20924f7437c3ec48a2420850cb804e3b82,P011,forward_citation,PlantSeg,17.0,False,https://www.semanticscholar.org/paper/e2653d20924f7437c3ec48a2420850cb804e3b82,,no,no,no,no,yes,no,no,no,yes,yes,no,no,no,no,no,no,yes,no,no,no,no,no,no,no,no,no
TA_R0019,doi:10.1109/cipher70417.2026.11523795,19,GTAssure: Ground Truth Quality Assurance Framework for Semantic Segmentation in Precision Agriculture,include,high,I05;I08,Ground truth quality assurance for semantic segmentation in precision agriculture,method_paper,uses_dataset_experimentally,NLB;LDSD;MinneApple;WGISD;CWFID,general_agriculture,semantic_segmentation,RGB,semantic_segmentation,,yes,unknown,confirmed,opencode_ai,deepseek-v4-flash-free,AI_SCREENING_V1,2026-07-22T15:13:11Z,B001,feb7c8a80978b97f3bdcffd7291708e8ac5282301ce06c793247227bc43712be,,,2026,2026-02-13,Udaybhan Rathore; Amit Shakya; Rupesh Kumar; Shruti S. Phutke; Lalit Sharma,"2026 International Conference on Intelligent Processing, Hardware, Electronics, and Radio Systems (CIPHER)","2026 International Conference on Intelligent Processing, Hardware, Electronics, and Radio Systems (CIPHER), 1-6",10.1109/cipher70417.2026.11523795,,,,openalex; semantic_scholar,openalex:W7162006308; semantic_scholar:443093f0e5e77e0eadf1aed1b981207a5bf95a07,P011,forward_citation,PlantSeg,17.0,False,https://www.semanticscholar.org/paper/443093f0e5e77e0eadf1aed1b981207a5bf95a07,,yes,no,no,no,no,no,no,no,no,no,no,no,no,no,no,no,no,no,no,no,no,no,no,no,no,no
TA_R0020_QA1,doi:10.3389/frobt.2026.1829436,20,Object-centric diffusion policies for real-world robotic-arm imitation learning,exclude,medium,E03_NO_DATASET_RELEVANCE,Robotic imitation learning with plant morphology scenes; cited from TomatoPGT ecosystem; no agricultural CV dataset focus,agricultural_robotics,no_dataset_relationship,,plant_scenes,robotic_manipulation,RGB;depth,robotics;depth_or_rgbd,,yes,unknown,confirmed,opencode_ai,deepseek-v4-flash-free,AI_SCREENING_V1,2026-07-22T15:13:11Z,QA001,feb7c8a80978b97f3bdcffd7291708e8ac5282301ce06c793247227bc43712be,TA_R0020,QA_RESOLVED: changed include→exclude (E03_NO_DATASET_RELEVANCE); robotics-manipulation method paper with marginal agricultural CV relevance; no datasets; no segmentation; no robustness/calibration,2026,2026-07-15,Prashant Reddy Kasu; Dugan Um,Frontiers in Robotics and AI,Frontiers in Robotics and AI,10.3389/frobt.2026.1829436,,,,openalex; semantic_scholar,openalex:W7168426904; semantic_scholar:5226ec14cf5cf5f1dfa6d953b9c15ad3445e9db4,P013,forward_citation,TomatoPGT ecosystem,17.0,True,https://www.semanticscholar.org/paper/5226ec14cf5cf5f1dfa6d953b9c15ad3445e9db4,https://doi.org/10.3389/frobt.2026.1829436,no,no,no,no,no,no,no,no,no,no,yes,no,no,no,yes,no,no,no,no,no,no,no,no,no,no,no
TA_R0021,doi:10.1002/ppj2.70083,21,Pixel‐level supervision resolves overlap: Benchmarking YOLOv12 segmentation for accurate multi‐cluster dry bean stand counting from time series unoccupied aerial systems imagery,include,high,I05,YOLOv12 segmentation for dry bean stand counting from UAS time series; phenotyping,method_paper,uses_dataset_experimentally,unknown,dry_bean;phenotyping,instance_segmentation,RGB;UAV;multitemporal,semantic_segmentation;instance_segmentation;remote_sensing;uav;multitemporal,,yes,unknown,confirmed,opencode_ai,deepseek-v4-flash-free,AI_SCREENING_V1,2026-07-22T15:15:05Z,B002,feb7c8a80978b97f3bdcffd7291708e8ac5282301ce06c793247227bc43712be,,,2026,2026-05-11,Aliasghar Bazrafkan; Valerio Hoyos‐Villegas,The Plant Phenome Journal,The Plant Phenome Journal,10.1002/ppj2.70083,,,,openalex; semantic_scholar,openalex:W7160857378; semantic_scholar:96a619275f9fe2e28c1a550e9c83395f3221f987,P001,forward_citation,MuST-C,17.0,True,https://www.semanticscholar.org/paper/96a619275f9fe2e28c1a550e9c83395f3221f987,https://doi.org/10.1002/ppj2.70083,yes,yes,no,no,no,no,no,no,yes,yes,no,no,no,no,no,no,no,yes,no,no,no,no,no,no,no,no
TA_R0022,arxiv:260503784,22,ReLeaf: Benchmarking Leaf Segmentation across Domains and Species,include,high,I04;I05,Benchmark for leaf segmentation across domains and species,benchmark_or_challenge,benchmarks_dataset,unknown,general_plants,instance_segmentation,RGB,semantic_segmentation;instance_segmentation,,yes,unknown,confirmed,opencode_ai,deepseek-v4-flash-free,AI_SCREENING_V1,2026-07-22T15:15:05Z,B002,feb7c8a80978b97f3bdcffd7291708e8ac5282301ce06c793247227bc43712be,,,2026,2026-05-05,Robert Martinko; Daniel Steininger; Julia Simon; A. Trondl; M. Blaickner,,,,2605.03784,,,semantic_scholar,semantic_scholar:5327bccd2698cf347bdb8ffd31a32d62d836cb17,P010,forward_citation,WeedsGalore,17.0,False,https://www.semanticscholar.org/paper/5327bccd2698cf347bdb8ffd31a32d62d836cb17,,yes,yes,no,no,no,no,no,no,no,no,no,no,no,no,no,no,no,no,no,no,no,no,no,no,no,no
TA_R0023,doi:10.1109/tgrs.2026.3690653,23,RPD: Learning Efficient Crops and Weeds for Field Semantic Segmentation in Drone Images,include,high,I05;I02,Crop-weed semantic segmentation in drone images; evaluated on WeedsGalore,method_paper,uses_dataset_experimentally,WeedsGalore,crops;weeds,semantic_segmentation,RGB;UAV,semantic_segmentation;remote_sensing;uav,,yes,unknown,confirmed,opencode_ai,deepseek-v4-flash-free,AI_SCREENING_V1,2026-07-22T15:15:05Z,B002,feb7c8a80978b97f3bdcffd7291708e8ac5282301ce06c793247227bc43712be,,,2026,,Fanghui Chen; Zhenchao Yang; Fengyuan Ren,IEEE Transactions on Geoscience and Remote Sensing,"IEEE Transactions on Geoscience and Remote Sensing, 64, 4408613-4408613",10.1109/tgrs.2026.3690653,,,,semantic_scholar,semantic_scholar:8193ae2126742a18444efe193a8852d726405f58,P010,forward_citation,WeedsGalore,17.0,False,https://www.semanticscholar.org/paper/8193ae2126742a18444efe193a8852d726405f58,,yes,no,no,no,no,no,no,no,yes,yes,no,no,no,no,no,no,no,no,no,no,no,no,no,no,no,no
TA_R0024,doi:10.1016/j.atech.2026.101875,24,Unveiling the hidden: Early detection of invasive vegetation in crops with UAV multispectral imaging,include,high,I05;I06,UAV multispectral early detection of invasive weeds; RGB-NIR fusion,method_paper,uses_dataset_experimentally,unknown,weeds;invasive,object_detection,RGB;NIR;multispectral;UAV,object_detection;remote_sensing;uav;multispectral,,yes,unknown,confirmed,opencode_ai,deepseek-v4-flash-free,AI_SCREENING_V1,2026-07-22T15:15:05Z,B002,feb7c8a80978b97f3bdcffd7291708e8ac5282301ce06c793247227bc43712be,,,2026,2026-02-24,Henry O. Velesaca; Andrea Mero; Héctor Villegas; Ángel D. Sappa,Smart Agricultural Technology,Elsevier BV,10.1016/j.atech.2026.101875,,,,openalex,openalex:W7131279357,P010,forward_citation,WeedsGalore,17.0,True,https://doi.org/10.1016/j.atech.2026.101875,,no,no,no,yes,no,no,no,no,yes,yes,no,yes,no,no,no,no,no,no,no,no,no,no,no,no,no,no
TA_R0025,doi:10.15625/vap.2026.0019,25,A Preliminary Study on U-Net for Crop Monitoring Using Low-Altitude Drone Imagery,include,medium,I05,U-Net variants for weed/crop/soil segmentation from multispectral UAV,method_paper,uses_dataset_experimentally,WeedsGalore,crops;weeds,semantic_segmentation,multispectral;UAV,semantic_segmentation;remote_sensing;uav;multispectral,,yes,unknown,confirmed,opencode_ai,deepseek-v4-flash-free,AI_SCREENING_V1,2026-07-22T15:15:05Z,B002,feb7c8a80978b97f3bdcffd7291708e8ac5282301ce06c793247227bc43712be,,QA: medium confidence; preliminary U-Net study on WeedsGalore; conference paper; named_dataset recoverable from context; include OK,2025,2025-12-14,Pham Manh Thang; Hoang-Vu Truong; Hoang Van Manh; Do Nam; D. Viet,"Proceedings of the 8th International Conference on Engineering Mechanics and Automation ICEMA 2025 20th Anniversary of the Faculty of Engineering Mechanics and Automation, University of Engineering and Technology, Vietnam National University, Hanoi","Proceedings of the 8th International Conference on Engineering Mechanics and Automation ICEMA 2025 20th Anniversary of the Faculty of Engineering Mechanics and Automation, University of Engineering and Technology, Vietnam National University, Hanoi",10.15625/vap.2026.0019,,,,semantic_scholar,semantic_scholar:4a8dc42d0dfeb1d1c85dd23fcff1b5aba431ac0b,P010,forward_citation,WeedsGalore,17.0,False,https://www.semanticscholar.org/paper/4a8dc42d0dfeb1d1c85dd23fcff1b5aba431ac0b,,yes,no,no,no,no,no,no,no,yes,yes,no,yes,no,no,no,no,no,no,no,no,no,no,no,no,no,no
TA_R0026,doi:10.1109/cict67193.2025.11399080,26,"AgriSeg: A Comprehensive Study on Semantic Segmentation for Leaf Disease, Fruit, and Crop-Weed Detection",include,medium,I05,"Comprehensive study on semantic segmentation for leaf disease, fruit, crop-weed",method_paper,uses_dataset_experimentally,unknown,general_agriculture,semantic_segmentation;instance_segmentation;object_detection,RGB,semantic_segmentation;instance_segmentation;object_detection,,yes,unknown,confirmed,opencode_ai,deepseek-v4-flash-free,AI_SCREENING_V1,2026-07-22T15:15:05Z,B002,feb7c8a80978b97f3bdcffd7291708e8ac5282301ce06c793247227bc43712be,,QA: medium confidence; survey-style method comparison; no named_datasets but evaluates across standard benchmarks; include appropriate for breadth,2025,2025-12-19,Udaybhan Rathore; Rupesh Kumar; Amit Shakya; Shruti S. Phutke; Lalit Sharma,Conference Information and Communication Technology,"2025 IEEE 9th International Conference on Information and Communication Technology (CICT), 1-6",10.1109/cict67193.2025.11399080,,,,openalex; semantic_scholar,openalex:W7131231661; semantic_scholar:d721b920695e3b07157a0cb752b604ccc3d8a6a1,P011,forward_citation,PlantSeg,17.0,False,https://www.semanticscholar.org/paper/d721b920695e3b07157a0cb752b604ccc3d8a6a1,,yes,yes,no,yes,no,no,no,no,no,no,no,no,no,no,no,no,no,no,no,no,no,no,no,no,no,no
TA_R0027,doi:10.1109/aict67988.2025.11268618,27,Residual-Enhanced YOLO with Motion-Blur Augmentation for UAV-Based Weed Detection,include,high,I05;I07,YOLO with motion-blur augmentation for UAV weed detection; robustness to blur,method_paper,uses_dataset_experimentally,unknown,weeds,object_detection,RGB;UAV,object_detection;remote_sensing;uav,,yes,unknown,confirmed,opencode_ai,deepseek-v4-flash-free,AI_SCREENING_V1,2026-07-22T15:15:05Z,B002,feb7c8a80978b97f3bdcffd7291708e8ac5282301ce06c793247227bc43712be,,,2025,2025-10-29,Jamil Ahmad; Sara Mahmoud; Mohamed Mahmoud; Lama Elfateh; Mustaqeem Khan,Advanced Industrial Conference on Telecommunications,"2025 IEEE 19th International Conference on Application of Information and Communication Technologies (AICT), 1-5",10.1109/aict67988.2025.11268618,,,,openalex; semantic_scholar,openalex:W4417131419; semantic_scholar:3d0420b720ad7551308687d063754bdd5d2123a3,P010,forward_citation,WeedsGalore,17.0,False,https://www.semanticscholar.org/paper/3d0420b720ad7551308687d063754bdd5d2123a3,,no,no,no,yes,no,no,no,no,yes,yes,no,no,no,no,no,no,no,no,no,no,no,no,no,no,no,no
TA_R0028,doi:10.1016/j.biosystemseng.2025.104147,28,3D plant segmentation: Comparing a 2D-to-3D segmentation method with state-of-the-art 3D segmentation algorithms,include,high,I05;I06,2D-to-3D vs 3D segmentation for plant point clouds; phenotyping; TomatoWUR,method_paper,uses_dataset_experimentally,TomatoWUR,tomato;phenotyping,semantic_segmentation;instance_segmentation,3D;point_cloud;RGB,semantic_segmentation;instance_segmentation;3d_vision;lidar_or_point_cloud,,yes,unknown,confirmed,opencode_ai,deepseek-v4-flash-free,AI_SCREENING_V1,2026-07-22T15:15:05Z,B002,feb7c8a80978b97f3bdcffd7291708e8ac5282301ce06c793247227bc43712be,,,2025,2025-04-17,Bart M. van Marrewijk; Tim van Daalen; Bolai Xin; E. V. van Henten; G. Polder; Gert Kootstra,Biosystems Engineering,Biosystems Engineering,10.1016/j.biosystemseng.2025.104147,,,,openalex; semantic_scholar,openalex:W4409537321; semantic_scholar:cf29635c8ec105979f7e6b5c825940f6e324138a,P009,backward_reference; forward_citation,TomatoWUR,16.903,True,https://www.semanticscholar.org/paper/cf29635c8ec105979f7e6b5c825940f6e324138a,https://doi.org/10.1016/j.biosystemseng.2025.104147,yes,yes,no,no,no,no,no,yes,no,no,no,no,no,no,no,yes,no,no,no,no,no,no,no,no,no,no
TA_R0029,doi:10.47852/bonviewaia62028867,29,Comprehensive Review of Artificial Intelligence and Edge Computing for Precision Weed Control,include,high,I10,Comprehensive review of AI and edge computing for precision weed control,survey_or_review,no_dataset_relationship,,weeds,classification;detection,RGB,classification,,yes,unknown,confirmed,opencode_ai,deepseek-v4-flash-free,AI_SCREENING_V1,2026-07-22T15:15:05Z,B002,feb7c8a80978b97f3bdcffd7291708e8ac5282301ce06c793247227bc43712be,,,2026,2026-04-06,Adeayo Adewumi; D. Saraswat,Artificial Intelligence and Applications,Artificial Intelligence and Applications,10.47852/bonviewaia62028867,,,,semantic_scholar,semantic_scholar:b5fa16c130176a0a727a0302a0c1cdfc9c550f68,P012,forward_citation,MFWD,16.5,True,https://www.semanticscholar.org/paper/b5fa16c130176a0a727a0302a0c1cdfc9c550f68,https://doi.org/10.47852/bonviewaia62028867,no,no,no,no,yes,no,no,no,no,no,no,no,no,no,no,no,no,no,no,no,no,no,no,no,no,no
TA_R0030,doi:10.3389/fpls.2026.1874446,30,Hierarchical vision mamba U-net for farmland semantic segmentation from remote sensing imagery,include,high,I05,Vision Mamba U-Net for farmland semantic segmentation from remote sensing,method_paper,uses_dataset_experimentally,unknown,farmland,semantic_segmentation,remote_sensing;RGB,semantic_segmentation;remote_sensing,,yes,unknown,confirmed,opencode_ai,deepseek-v4-flash-free,AI_SCREENING_V1,2026-07-22T15:15:05Z,B002,feb7c8a80978b97f3bdcffd7291708e8ac5282301ce06c793247227bc43712be,,,2026,2026-07-15,Jing Zhang; Ting Zhang; Guohong Qi,Frontiers in Plant Science,Frontiers Media,10.3389/fpls.2026.1874446,,,,openalex,openalex:W7168421162,P007,forward_citation,BAWSeg,16.5,True,https://doi.org/10.3389/fpls.2026.1874446,https://www.frontiersin.org/journals/plant-science/articles/10.3389/fpls.2026.1874446/pdf,yes,no,no,no,no,no,no,no,yes,no,no,no,no,no,no,no,no,no,no,no,no,no,no,no,no,no
TA_R0031,doi:10.3390/agronomy15081954,31,"Applications, Trends, and Challenges of Precision Weed Control Technologies Based on Deep Learning and Machine Vision",include,high,I10,Review of deep learning and machine vision for precision weed control,survey_or_review,no_dataset_relationship,,weeds,detection;segmentation;classification,RGB;multispectral;UAV,semantic_segmentation;classification;remote_sensing;uav;multispectral,,yes,unknown,confirmed,opencode_ai,deepseek-v4-flash-free,AI_SCREENING_V1,2026-07-22T15:15:05Z,B002,feb7c8a80978b97f3bdcffd7291708e8ac5282301ce06c793247227bc43712be,,,2025,2025-08-13,Xingyue Gao; Jianmin Gao; Waqar Qureshi,Agronomy,Multidisciplinary Digital Publishing Institute,10.3390/agronomy15081954,,,,openalex,openalex:W4413165453,P010,forward_citation,WeedsGalore,16.398,True,https://doi.org/10.3390/agronomy15081954,https://www.mdpi.com/2073-4395/15/8/1954/pdf?version=1755087461,yes,no,no,no,yes,no,no,no,yes,yes,no,yes,no,no,no,no,no,no,no,no,no,no,no,no,no,no
TA_R0032,doi:10.1109/incet64471.2025.11140034,32,An Efficient Weed Detection Model using RCNN and YOLO Algorithms,include,medium,I05,RCNN+YOLO weed detection; small custom sesame dataset,method_paper,uses_dataset_experimentally,unknown,sesame;weeds,object_detection;classification,RGB,object_detection;classification,,yes,unknown,confirmed,opencode_ai,deepseek-v4-flash-free,AI_SCREENING_V1,2026-07-22T15:15:05Z,B002,feb7c8a80978b97f3bdcffd7291708e8ac5282301ce06c793247227bc43712be,,QA: medium confidence; small custom sesame dataset; basic method paper; weed detection relevant; include OK,2025,2025-05-23,G. Chamundeswari; Pardha Saradhi Chirumamilla; P. Srilatha; Raja Rajeswari Kalidindi; Peluru Janardhana Rao; S. Sushma,2025 6th International Conference for Emerging Technology (INCET),"2025 6th International Conference for Emerging Technology (INCET), 1-5",10.1109/incet64471.2025.11140034,,,,openalex; semantic_scholar,openalex:W4413979313; semantic_scholar:ee0f1636e19e338d4de9420ebe0786f78698b652,P012,forward_citation,MFWD,16.0,False,https://www.semanticscholar.org/paper/ee0f1636e19e338d4de9420ebe0786f78698b652,,no,no,no,yes,yes,no,no,no,no,no,no,no,no,no,no,no,no,no,no,no,no,no,no,no,no,no
TA_R0033,doi:10.3389/fpls.2024.1356260,33,"Revolutionizing agriculture with artificial intelligence: plant disease detection methods, applications, and their limitations",include,high,I10;I05,"Review of AI plant disease detection methods, applications, limitations",survey_or_review,no_dataset_relationship,,plant_diseases,classification;detection;segmentation,RGB,semantic_segmentation;classification,,yes,unknown,confirmed,opencode_ai,deepseek-v4-flash-free,AI_SCREENING_V1,2026-07-22T15:15:05Z,B002,feb7c8a80978b97f3bdcffd7291708e8ac5282301ce06c793247227bc43712be,,,2024,2024-03-13,Abbas Jafar; Nabila Bibi; Rizwan Ali Naqvi; Abolghasem Sadeghi‐Niaraki; Daesik Jeong,Frontiers in Plant Science,"Frontiers in Plant Science, 15",10.3389/fpls.2024.1356260,,38545388,10965613,openalex; semantic_scholar,openalex:W4392754729; semantic_scholar:af484288f4cc2c8b26d5a8b9cec5db337427c436,P011,backward_reference,PlantSeg,15.92,True,https://www.semanticscholar.org/paper/af484288f4cc2c8b26d5a8b9cec5db337427c436,https://www.frontiersin.org/journals/plant-science/articles/10.3389/fpls.2024.1356260/pdf,yes,no,no,no,yes,no,no,no,no,no,no,no,no,no,no,no,no,no,no,no,no,no,no,no,no,no
TA_R0034,doi:10.1371/journal.pone.0256340,34,Pheno4D: A spatio-temporal dataset of maize and tomato plant point clouds for phenotyping and advanced plant analysis,include,high,I01,Pheno4D spatio-temporal maize/tomato point cloud dataset for phenotyping,dataset_paper,introduces_dataset,Pheno4D,maize;tomato;phenotyping,semantic_segmentation;instance_segmentation,3D;point_cloud;multitemporal,semantic_segmentation;instance_segmentation;3d_vision;lidar_or_point_cloud;multitemporal,,yes,unknown,confirmed,opencode_ai,deepseek-v4-flash-free,AI_SCREENING_V1,2026-07-22T15:15:05Z,B002,feb7c8a80978b97f3bdcffd7291708e8ac5282301ce06c793247227bc43712be,,,2021,2021-08-18,David Schunck; Federico Magistri; Radu Alexandru Roşu; André Cornelißen; Nived Chebrolu; Stefan Paulus; Jens Léon; Sven Behnke; Cyrill Stachniss; Heiner Kuhlmann; Lasse Klingbeil,PLoS ONE,Public Library of Science,10.1371/journal.pone.0256340,,34407122,8372960,openalex; semantic_scholar,openalex:W3195047309; semantic_scholar:ee61fbc23009b306d488f2d3bc096ed17eee7789,P006; P009; P013,backward_reference,Annotated 3D Point Cloud Dataset of Broad-Leaf Legumes; TomatoPGT ecosystem; TomatoWUR,15.707,True,https://www.semanticscholar.org/paper/ee61fbc23009b306d488f2d3bc096ed17eee7789,https://journals.plos.org/plosone/article/file?id=10.1371/journal.pone.0256340&type=printable,yes,yes,no,no,no,no,no,yes,no,no,no,no,no,no,no,yes,no,yes,no,no,no,no,no,no,no,no
TA_R0035,doi:10.1109/jstars.2024.3437469,35,Advanced Plant Disease Segmentation in Precision Agriculture Using Optimal Dimensionality Reduction With Fuzzy C-Means Clustering and Deep Learning,include,high,I05;I06,Hyperspectral plant disease segmentation with dimensionality reduction,method_paper,uses_dataset_experimentally,unknown,plant_diseases,semantic_segmentation;classification,hyperspectral;remote_sensing,semantic_segmentation;classification;remote_sensing;hyperspectral,,yes,unknown,confirmed,opencode_ai,deepseek-v4-flash-free,AI_SCREENING_V1,2026-07-22T15:15:05Z,B002,feb7c8a80978b97f3bdcffd7291708e8ac5282301ce06c793247227bc43712be,,,2024,2024-01-01,Mughair Aslam Bhatti; Zeeshan Zeeshan; Syam M.S.; Uzair Aslam Bhatti; Asad Khan; Yazeed Yasin Ghadi; Shrooq Alsenan; Yang Li; Muhammad Asif; Tahreem Afzal,IEEE Journal of Selected Topics in Applied Earth Observations and Remote Sensing,"IEEE Journal of Selected Topics in Applied Earth Observations and Remote Sensing, 17, 18264-18277",10.1109/jstars.2024.3437469,,,,openalex; semantic_scholar,openalex:W4401247250; semantic_scholar:03b06d571b56ec7fcd9ff51ddabb536dbffaefc4,P011,backward_reference,PlantSeg,15.653,True,https://www.semanticscholar.org/paper/03b06d571b56ec7fcd9ff51ddabb536dbffaefc4,https://doi.org/10.1109/jstars.2024.3437469,yes,no,no,no,yes,no,no,no,yes,no,no,no,yes,no,no,no,no,no,no,no,no,no,no,no,no,no
TA_R0036,doi:10.1038/s41597-024-04290-0,36,Crops3D: a diverse 3D crop dataset for realistic perception and segmentation toward agricultural applications,include,high,I01,Crops3D diverse 3D crop dataset for agricultural perception and segmentation,dataset_paper,introduces_dataset,Crops3D,general_crops,semantic_segmentation;instance_segmentation,3D;point_cloud;RGB,semantic_segmentation;instance_segmentation;3d_vision;lidar_or_point_cloud,,yes,unknown,confirmed,opencode_ai,deepseek-v4-flash-free,AI_SCREENING_V1,2026-07-22T15:15:05Z,B002,feb7c8a80978b97f3bdcffd7291708e8ac5282301ce06c793247227bc43712be,,,2024,2024-12-01,Jianzhong Zhu; Ruifang Zhai; He Ren; Kai Xie; Aobo Du; Xinwei He; Chenxi Cui; Yinghua Wang; Junli Ye; Jiashi Wang; Xue Jiang; Yulong Wang; Chenglong Huang; Wanneng Yang,Scientific Data,"Scientific Data, 11",10.1038/s41597-024-04290-0,,39730336,11681092,openalex; semantic_scholar,openalex:W4405831750; semantic_scholar:0633d1c5f9e02eead66186e71bfb72ddedce00fa,P013,backward_reference,TomatoPGT ecosystem,15.519,True,https://www.semanticscholar.org/paper/0633d1c5f9e02eead66186e71bfb72ddedce00fa,https://www.nature.com/articles/s41597-024-04290-0.pdf,yes,yes,no,no,no,no,no,yes,no,no,no,no,no,no,no,yes,no,no,no,no,no,no,no,no,no,no
TA_R0037,doi:10.14719/pst.5141,37,Advances and trends in weed management: A comprehensive review,exclude,high,E03_NO_DATASET_RELEVANCE,General weed management review; no computer vision or dataset focus,survey_or_review,no_dataset_relationship,,weeds,,,,,yes,unknown,confirmed,opencode_ai,deepseek-v4-flash-free,AI_SCREENING_V1,2026-07-22T15:15:05Z,B002,feb7c8a80978b97f3bdcffd7291708e8ac5282301ce06c793247227bc43712be,,,2024,2024-12-28,M. Aparna; R. Baskaran; C. Harisudan; R. Kalpana; P. Boominanthan; R. Jaghadeeswaran,Plant Science Today,Plant Science Today,10.14719/pst.5141,,,,openalex; semantic_scholar,openalex:W4405869320; semantic_scholar:ae7107b2e509707cf4b9899562bc529d092edf25,P012,forward_citation,MFWD,15.477,True,https://www.semanticscholar.org/paper/ae7107b2e509707cf4b9899562bc529d092edf25,https://horizonepublishing.com/journals/index.php/PST/article/download/5141/4959,no,no,no,no,no,no,no,no,no,no,no,no,no,no,no,no,no,no,no,no,no,no,no,no,no,no
TA_R0038,doi:10.1016/j.ecoinf.2024.102546,38,Weed database development: An updated survey of public weed datasets and cross-season weed detection adaptation,include,high,I10;I07,Survey of public weed datasets and cross-season adaptation; domain adaptation,survey_or_review,mentions_dataset_only,,weeds,detection;segmentation,RGB;multispectral,semantic_segmentation;multispectral,,yes,unknown,confirmed,opencode_ai,deepseek-v4-flash-free,AI_SCREENING_V1,2026-07-22T15:15:05Z,B002,feb7c8a80978b97f3bdcffd7291708e8ac5282301ce06c793247227bc43712be,,,2024,2024-02-01,Boyang Deng; Yuzhen Lu; Jiajun Xu,Ecological Informatics,"Ecol. Informatics, 81, 102546",10.1016/j.ecoinf.2024.102546,,,,openalex; semantic_scholar,openalex:W4392301627; semantic_scholar:376628a26b141bc2c7bbad6dc793ca6dfedeb4e9,P010,backward_reference,WeedsGalore,15.462,True,https://www.semanticscholar.org/paper/376628a26b141bc2c7bbad6dc793ca6dfedeb4e9,https://doi.org/10.1016/j.ecoinf.2024.102546,yes,no,no,no,no,no,no,no,no,no,no,yes,no,no,no,no,no,no,no,no,no,no,no,no,no,no
TA_R0039,doi:10.3390/rs16234394,39,Deep Learning for Weed Detection and Segmentation in Agricultural Crops Using Images Captured by an Unmanned Aerial Vehicle,include,medium,I05,DL for weed detection and segmentation from UAV imagery,method_paper,uses_dataset_experimentally,unknown,weeds,object_detection;semantic_segmentation,RGB;UAV,semantic_segmentation;object_detection;remote_sensing;uav,,yes,unknown,confirmed,opencode_ai,deepseek-v4-flash-free,AI_SCREENING_V1,2026-07-22T15:15:05Z,B002,feb7c8a80978b97f3bdcffd7291708e8ac5282301ce06c793247227bc43712be,,QA: medium confidence; no named_datasets but weed+UAV+segmentation relevant; Remote Sensing journal; include appropriate,2024,2024-11-24,Josef Augusto Oberdan Souza Silva; Vilson Soares de Siqueira; Márcio Mesquita; Luís Sérgio Rodrigues Vale; Thiago do Nascimento Borges Marques; J. L. B. D. Silva; M. V. Silva; L. N. Lacerda; José Francisco de Oliveira-Júnior; João L. M. P. de Lima; H. F. E. D. Oliveira,Remote Sensing,"Remote. Sens., 16, 4394",10.3390/rs16234394,,,,semantic_scholar,semantic_scholar:39352de45e27d3c8e3af4277f8034348c7264dec,P008,backward_reference,SoyCotton,15.398,True,https://www.semanticscholar.org/paper/39352de45e27d3c8e3af4277f8034348c7264dec,https://doi.org/10.3390/rs16234394,yes,no,no,yes,no,no,no,no,yes,yes,no,no,no,no,no,no,no,no,no,no,no,no,no,no,no,no
TA_R0040,doi:10.1109/itechsecom64750.2025.11307551,40,Weed and Crop Detection Using YOLOv7: A Step Toward Smarter Precision Agriculture,include,medium,I05,YOLOv7 for weed and crop detection; precision agriculture,method_paper,uses_dataset_experimentally,unknown,weeds;crops,object_detection,RGB,object_detection,,yes,unknown,confirmed,opencode_ai,deepseek-v4-flash-free,AI_SCREENING_V1,2026-07-22T15:15:05Z,B002,feb7c8a80978b97f3bdcffd7291708e8ac5282301ce06c793247227bc43712be,,QA: medium confidence; no named_datasets; basic YOLOv7 weed/crop detection; conference paper; include OK for weed detection relevance,2025,2025-10-09,Subramanya Bharathvamsi Koneti,2025 Second International Conference on Intelligent Technologies for Sustainable Electric and Communications Systems (iTech SECOM),"2025 Second International Conference on Intelligent Technologies for Sustainable Electric and Communications Systems (iTech SECOM), 1-5",10.1109/itechsecom64750.2025.11307551,,,,openalex; semantic_scholar,openalex:W7117766441; semantic_scholar:f2a42d0f84c3cab36466583ca7f9bcbba59a0d7f,P012,forward_citation,MFWD,15.38,False,https://www.semanticscholar.org/paper/f2a42d0f84c3cab36466583ca7f9bcbba59a0d7f,,no,no,no,yes,no,no,no,no,no,no,no,no,no,no,no,no,no,no,no,no,no,no,no,no,no,no
TA_R0041,doi:10.3390/agriculture16020215,41,Intelligent Evaluation of Rice Resistance to White-Backed Planthopper (Sogatella furcifera) Based on 3D Point Clouds and Deep Learning,include,high,I01;I06,Introduces 3D Rice WBPH Damage dataset; point cloud segmentation for rice phenotyping,dataset_paper,introduces_dataset,3D_Rice_WBPH_Damage,rice;phenotyping,semantic_segmentation,3D;point_cloud,semantic_segmentation;3d_vision;lidar_or_point_cloud,,yes,unknown,confirmed,opencode_ai,deepseek-v4-flash-free,AI_SCREENING_V1,2026-07-22T16:25:00Z,B003,feb7c8a80978b97f3bdcffd7291708e8ac5282301ce06c793247227bc43712be,,,2026,2026-01-14,Yuxi Zhao; Huilai Zhang; Wei Zeng; Litu Liu; Qing Li; Zhiyong Li; Chunxian Jiang,Agriculture,Multidisciplinary Digital Publishing Institute,10.3390/agriculture16020215,,,,openalex; semantic_scholar,openalex:W7124205165; semantic_scholar:8a7e2e42b24ddf2106e42dee826c5c074f689a10,P009,forward_citation,TomatoWUR,15.301,True,https://www.semanticscholar.org/paper/8a7e2e42b24ddf2106e42dee826c5c074f689a10,https://www.mdpi.com/2077-0472/16/2/215/pdf?version=1768469170,yes,no,no,no,no,no,no,yes,no,no,no,no,no,no,no,yes,no,no,no,no,no,no,no,no,no,no
TA_R0042,doi:10.1016/j.dib.2026.112642,42,TomatoPGT: A 3D point cloud dataset of tomato plants for segmentation and plant-trait extraction,include,high,I01,TomatoPGT seed paper in Data in Brief; 3D tomato point cloud dataset for segmentation and phenotyping,dataset_paper,introduces_dataset,TomatoPGT,tomato;phenotyping,semantic_segmentation;instance_segmentation,3D;point_cloud;RGB,semantic_segmentation;instance_segmentation;3d_vision;lidar_or_point_cloud,,yes,unknown,confirmed,opencode_ai,deepseek-v4-flash-free,AI_SCREENING_V1,2026-07-22T16:25:00Z,B003,feb7c8a80978b97f3bdcffd7291708e8ac5282301ce06c793247227bc43712be,,,2026,2026-03-01,Prasad Nethala; Dugan Um; Samantha L. McCoy; Seth Gibson; Mahendra Bhandari; Kiju Lee,Data in Brief,"Data in Brief, 66",10.1016/j.dib.2026.112642,,41869580,13000484,openalex; semantic_scholar,openalex:W7134131073; semantic_scholar:fbdee8f893297a2ccdeaa4c139359c3d8941ff2b,P009,forward_citation,TomatoWUR,15.301,False,https://www.semanticscholar.org/paper/fbdee8f893297a2ccdeaa4c139359c3d8941ff2b,,yes,yes,no,no,no,no,no,yes,no,no,no,no,no,no,no,yes,no,no,no,no,no,no,no,no,no,no
TA_R0043,doi:10.1016/j.atech.2025.101020,43,Sensing Technology for Greenhouse Tomato Production: A Systematic Review,include,high,I10,"Systematic review of sensing technologies for greenhouse tomato production; multispectral, IoT, deep learning",survey_or_review,no_dataset_relationship,,greenhouse;tomato,classification;detection,multispectral;multimodal,classification;multispectral;multimodal,,yes,unknown,confirmed,opencode_ai,deepseek-v4-flash-free,AI_SCREENING_V1,2026-07-22T16:25:00Z,B003,feb7c8a80978b97f3bdcffd7291708e8ac5282301ce06c793247227bc43712be,,,2025,2025-05-01,Jingxin Yu; Jiang Liu; Congcong Sun; Jiaqi Wang; Jianchao Ci; Jin Jing; Ni Ren; Wengang Zheng; Xiaoming Wei,Smart Agricultural Technology,Smart Agricultural Technology,10.1016/j.atech.2025.101020,,,,openalex; semantic_scholar,openalex:W4410615904; semantic_scholar:60b704a5ee7afc6b66e68dd9f87b979e8f3ab09e,P005,backward_reference,Horti-M3-Tomato,15.23,True,https://www.semanticscholar.org/paper/60b704a5ee7afc6b66e68dd9f87b979e8f3ab09e,https://doi.org/10.1016/j.atech.2025.101020,no,no,no,no,yes,no,no,no,no,no,no,yes,no,no,no,no,yes,no,no,no,no,no,no,no,no,no
TA_R0044,doi:10.48550/arxiv.2403.00566,44,Lincoln's Annotated Spatio-Temporal Strawberry Dataset (LAST-Straw),include,high,I01;I06,LAST-Straw spatio-temporal 3D strawberry point cloud dataset for phenotyping,dataset_paper,introduces_dataset,LAST-Straw,strawberry;phenotyping,semantic_segmentation;instance_segmentation,3D;point_cloud;multitemporal,semantic_segmentation;instance_segmentation;3d_vision;lidar_or_point_cloud;multitemporal,,yes,unknown,confirmed,opencode_ai,deepseek-v4-flash-free,AI_SCREENING_V1,2026-07-22T16:25:00Z,B003,feb7c8a80978b97f3bdcffd7291708e8ac5282301ce06c793247227bc43712be,,,2024,2024-03-01,Katherine Margaret Frances James; K. Heiwolt; Daniel J. Sargent; Grzegorz Cielniak,ECCV Workshops,46-63,10.48550/arxiv.2403.00566,2403.00566,,,semantic_scholar,semantic_scholar:7601443a71c0aab08919cfb323ffd1bee7c3e1d6,P006; P009,backward_reference,Annotated 3D Point Cloud Dataset of Broad-Leaf Legumes; TomatoWUR,15.028,False,https://www.semanticscholar.org/paper/7601443a71c0aab08919cfb323ffd1bee7c3e1d6,,yes,yes,no,no,no,no,no,yes,no,no,no,no,no,no,no,yes,no,yes,no,no,no,no,no,no,no,no
TA_R0045,doi:10.1109/iros60139.2025.11246612,45,Wireless Collaborative Inference Acceleration Based on Distillation for Weed Detection and Instance Segmentation,include,high,I05;I07,Wireless collaborative inference for weed detection and instance segmentation; knowledge distillation,method_paper,uses_dataset_experimentally,WeedsGalore,weeds,instance_segmentation;object_detection,RGB,instance_segmentation;object_detection,,yes,unknown,confirmed,opencode_ai,deepseek-v4-flash-free,AI_SCREENING_V1,2026-07-22T16:25:00Z,B003,feb7c8a80978b97f3bdcffd7291708e8ac5282301ce06c793247227bc43712be,,,2025,2025-10-19,Rongjiao Li; Yunchao Mo; Rong Zhao; Haojia Gao; Haohua Que; Lei Mu,IEEE/RJS International Conference on Intelligent RObots and Systems,"2025 IEEE/RSJ International Conference on Intelligent Robots and Systems (IROS), 1847-1854",10.1109/iros60139.2025.11246612,,,,openalex; semantic_scholar,openalex:W4416748504; semantic_scholar:48fff89d1f616876feae769795853027979809d7,P010,forward_citation,WeedsGalore,14.977,False,https://www.semanticscholar.org/paper/48fff89d1f616876feae769795853027979809d7,,no,yes,no,yes,no,no,no,no,no,no,no,no,no,no,no,no,no,no,no,no,no,no,no,no,no,no
TA_R0046,doi:10.3390/rs17030445,46,Forest Stem Extraction and Modeling (FoSEM): A LiDAR-Based Framework for Accurate Tree Stem Extraction and Modeling in Radiata Pine Plantations,exclude,high,E03_NO_DATASET_RELEVANCE,Forestry-focused LiDAR framework for Radiata pine timber inventory; not agricultural crop CV,method_paper,no_dataset_relationship,,forestry,semantic_segmentation,LiDAR;point_cloud,semantic_segmentation;3d_vision;lidar_or_point_cloud,,yes,unknown,confirmed,opencode_ai,deepseek-v4-flash-free,AI_SCREENING_V1,2026-07-22T16:25:00Z,B003,feb7c8a80978b97f3bdcffd7291708e8ac5282301ce06c793247227bc43712be,,,2025,2025-01-28,Muhammad Ibrahim; Haitian Wang; Irfan Akhtar Iqbal; Yang Miao; Hezam Albaqami; Hans A. Blom; Ajmal Mian,Remote Sensing,Multidisciplinary Digital Publishing Institute,10.3390/rs17030445,,,,openalex,openalex:W4406907484,P007,backward_reference,BAWSeg,14.954,True,https://doi.org/10.3390/rs17030445,https://www.mdpi.com/2072-4292/17/3/445/pdf?version=1738054528,yes,no,no,no,no,no,no,yes,no,no,no,no,no,no,no,yes,no,no,no,no,no,no,no,no,no,no
TA_R0047,doi:10.1016/j.compag.2024.109607,47,An automatic 3D tomato plant stemwork phenotyping pipeline at internode level based on tree quantitative structural modelling algorithm,include,high,I05;I06,3D tomato stemwork phenotyping pipeline using PointNet++ and TreeQSM at internode level,method_paper,uses_dataset_experimentally,TomatoWUR,tomato;phenotyping,semantic_segmentation,3D;point_cloud;RGB,semantic_segmentation;3d_vision;lidar_or_point_cloud,,yes,unknown,confirmed,opencode_ai,deepseek-v4-flash-free,AI_SCREENING_V1,2026-07-22T16:25:00Z,B003,feb7c8a80978b97f3bdcffd7291708e8ac5282301ce06c793247227bc43712be,,,2024,2024-11-09,Bolai Xin; Katarína Smoleňová; Harm Bartholomeus; Gert Kootstra,Computers and Electronics in Agriculture,"Comput. Electron. Agric., 227, 109607",10.1016/j.compag.2024.109607,,,,openalex; semantic_scholar,openalex:W4404205497; semantic_scholar:337ba5b6691470c2ed2ebbef73e7d62e03a3af83,P009,backward_reference,TomatoWUR,14.954,True,https://www.semanticscholar.org/paper/337ba5b6691470c2ed2ebbef73e7d62e03a3af83,https://doi.org/10.1016/j.compag.2024.109607,yes,no,no,no,no,no,no,yes,no,no,no,no,no,no,no,yes,no,no,no,no,no,no,no,no,no,no
TA_R0048,doi:10.48550/arxiv.2404.02580,48,Active learning for efficient annotation in precision agriculture: a use-case on crop-weed semantic segmentation,include,high,I03;I05,Active learning for efficient annotation in crop-weed segmentation; Sugarbeet and Corn-Weed datasets,method_paper,uses_dataset_experimentally,Sugarbeet;Corn-Weed,crops;weeds,semantic_segmentation,RGB,semantic_segmentation,,yes,unknown,confirmed,opencode_ai,deepseek-v4-flash-free,AI_SCREENING_V1,2026-07-22T16:25:00Z,B003,feb7c8a80978b97f3bdcffd7291708e8ac5282301ce06c793247227bc43712be,,,2024,2024-04-03,Bart M. van Marrewijk; Charbel Dandjinou; D. Rustia; Nicolas Franco Gonzalez; Boubacar Diallo; Jérôme Dias; P. Melki; Pieter M. Blok,arXiv.org,"ArXiv, abs/2404.02580",10.48550/arxiv.2404.02580,2404.02580,,,semantic_scholar,semantic_scholar:bbb34343ae6d64046214d07c200114583058e67a,P010,backward_reference,WeedsGalore,14.845,False,https://www.semanticscholar.org/paper/bbb34343ae6d64046214d07c200114583058e67a,,yes,no,no,no,no,no,no,no,no,no,no,no,no,no,no,no,no,no,no,no,no,no,no,no,no,no
TA_R0049,doi:10.1109/iros58592.2024.10802820,49,BonnBeetClouds3D: A Dataset Towards Point Cloud-Based Organ-Level Phenotyping of Sugar Beet Plants Under Real Field Conditions,include,high,I01;I06,BonnBeetClouds3D: UAV point cloud dataset for organ-level sugar beet phenotyping under field conditions,dataset_paper,introduces_dataset,BonnBeetClouds3D,sugar_beet;phenotyping,instance_segmentation,3D;point_cloud;UAV,instance_segmentation;3d_vision;uav;lidar_or_point_cloud,,yes,unknown,confirmed,opencode_ai,deepseek-v4-flash-free,AI_SCREENING_V1,2026-07-22T16:25:00Z,B003,feb7c8a80978b97f3bdcffd7291708e8ac5282301ce06c793247227bc43712be,,,2024,2024-10-14,Elias Marks; Jonas Bömer; Federico Magistri; Anurag Sag; Jens Behley; Cyrill Stachniss,,,10.1109/iros58592.2024.10802820,,,,openalex,openalex:W4405778784,P001,backward_reference,MuST-C,14.845,False,https://doi.org/10.1109/iros58592.2024.10802820,,no,yes,no,no,no,no,no,yes,no,yes,no,no,no,no,no,yes,no,no,no,no,no,no,no,no,no,no
TA_R0050,doi:10.3390/plants15081218,50,"Ground Mobile Robots for High-Throughput Plant Phenotyping: A Review from the Closed-Loop Perspective of Perception, Decision, and Action",include,high,I10,Review of ground mobile robots for HTPP from perception-decision-action closed-loop perspective,survey_or_review,no_dataset_relationship,,general_agriculture;phenotyping,perception;localization;planning,multimodal;UAV;UGV,phenotyping;uav;robotics;multimodal,,yes,unknown,confirmed,opencode_ai,deepseek-v4-flash-free,AI_SCREENING_V1,2026-07-22T16:25:00Z,B003,feb7c8a80978b97f3bdcffd7291708e8ac5282301ce06c793247227bc43712be,,,2026,2026-04-01,Heng-Wei Zhang; Yi-Ming Qin; An-Qi Wu; Xi Xi; Pingfan Hu; Rui-Feng Wang,Plants,Multidisciplinary Digital Publishing Institute,10.3390/plants15081218,,42075418,13119506,openalex; semantic_scholar,openalex:W7154607084; semantic_scholar:606b0bc6d60959a06c75fcf79619d338c1016196,P001,forward_citation,MuST-C,14.801,False,https://www.semanticscholar.org/paper/606b0bc6d60959a06c75fcf79619d338c1016196,,no,no,no,no,no,no,yes,no,no,yes,yes,no,no,no,no,no,yes,no,no,no,no,no,no,no,no,no
TA_R0051,doi:10.1016/j.compag.2022.107388,51,Deep learning-based early weed segmentation using motion blurred UAV images of sorghum fields,include,high,I01;I07,Early weed segmentation using motion blurred UAV images; introduces annotated sorghum weed dataset,dataset_paper,introduces_dataset,UAVWeedSegmentation,sorghum;weeds,semantic_segmentation,RGB;UAV,semantic_segmentation;uav;corrupted_input;uncertainty,,yes,unknown,confirmed,opencode_ai,deepseek-v4-flash-free,AI_SCREENING_V1,2026-07-22T16:25:00Z,B003,feb7c8a80978b97f3bdcffd7291708e8ac5282301ce06c793247227bc43712be,,,2022,2022-09-18,Nikita Genze; Raymond Ajekwe; Zeynep Güreli; Florian Haselbeck; Michael Grieb; Dominik G. Grimm,Computers and Electronics in Agriculture,"Comput. Electron. Agric., 202, 107388",10.1016/j.compag.2022.107388,,,,openalex; semantic_scholar,openalex:W4296242362; semantic_scholar:6fdae8e3d99a5820ff32c25c8cdf5ffbd130ea1b,P010; P012,backward_reference,MFWD; WeedsGalore,14.759,True,https://www.semanticscholar.org/paper/6fdae8e3d99a5820ff32c25c8cdf5ffbd130ea1b,https://doi.org/10.1016/j.compag.2022.107388,yes,no,no,no,no,no,no,no,no,yes,no,no,no,no,no,no,no,no,no,no,no,yes,yes,no,no,no
TA_R0052,doi:10.3390/agriculture13071321,52,Soybean-MVS: Annotated Three-Dimensional Model Dataset of Whole Growth Period Soybeans for 3D Plant Organ Segmentation,include,high,I01,Soybean-MVS: annotated 3D model dataset of whole growth period soybeans for organ segmentation,dataset_paper,introduces_dataset,Soybean-MVS,soybean;phenotyping,semantic_segmentation,3D;point_cloud,semantic_segmentation;3d_vision;lidar_or_point_cloud,,yes,unknown,confirmed,opencode_ai,deepseek-v4-flash-free,AI_SCREENING_V1,2026-07-22T16:25:00Z,B003,feb7c8a80978b97f3bdcffd7291708e8ac5282301ce06c793247227bc43712be,,,2023,2023-06-28,Yongzhe Sun; Zhixing Zhang; Kai Sun; Shuai Li; Jianglin Yu; Linxiao Miao; Zhanguo Zhang; Yang Li; Hongjie Zhao; Zhenbang Hu; Dawei Xin; Qingshan Chen; Rongsheng Zhu,Agriculture,Multidisciplinary Digital Publishing Institute,10.3390/agriculture13071321,,,,openalex; semantic_scholar,openalex:W4382723884; semantic_scholar:c463162822a279010b9d8d69793f1d7563ab622c,P006; P009; P013,backward_reference,Annotated 3D Point Cloud Dataset of Broad-Leaf Legumes; TomatoPGT ecosystem; TomatoWUR,14.663,True,https://www.semanticscholar.org/paper/c463162822a279010b9d8d69793f1d7563ab622c,https://www.mdpi.com/2077-0472/13/7/1321/pdf?version=1687948002,yes,no,no,no,no,no,no,yes,no,no,no,no,no,no,no,yes,no,no,no,no,no,no,no,no,no,no
TA_R0053,doi:10.1109/tpami.2024.3419548,53,PhenoBench: A Large Dataset and Benchmarks for Semantic Image Interpretation in the Agricultural Domain,include,high,I01;I04,PhenoBench: large dataset and benchmarks for semantic interpretation in agriculture; UAV crop-weed-leaf instance segmentation,dataset_paper,introduces_dataset,PhenoBench,crops;weeds;general_agriculture,semantic_segmentation;instance_segmentation,RGB;UAV,semantic_segmentation;instance_segmentation;uav,,yes,unknown,confirmed,opencode_ai,deepseek-v4-flash-free,AI_SCREENING_V1,2026-07-22T16:25:00Z,B003,feb7c8a80978b97f3bdcffd7291708e8ac5282301ce06c793247227bc43712be,,,2023,2023-06-07,Jan Weyler; Federico Magistri; Elias Marks; Yue Linn Chong; Matteo Sodano; Gianmarco Roggiolani; Nived Chebrolu; Cyrill Stachniss; Jens Behley,IEEE Transactions on Pattern Analysis and Machine Intelligence,"IEEE Transactions on Pattern Analysis and Machine Intelligence, 46, 9583-9594",10.1109/tpami.2024.3419548,2306.04557,38923484,,openalex; semantic_scholar,openalex:W4400062053; semantic_scholar:f1bd279859856e26602f2fc8140415687de41b3d,P001; P010,backward_reference,MuST-C; WeedsGalore,14.613,False,https://www.semanticscholar.org/paper/f1bd279859856e26602f2fc8140415687de41b3d,https://arxiv.org/pdf/2306.04557,yes,yes,no,no,no,no,no,no,no,yes,no,no,no,no,no,no,no,no,no,no,no,no,no,no,no,no
TA_R0054,doi:10.1109/iros60139.2025.11246227,54,Zero-Shot Semantic Segmentation for Robots in Agriculture,include,high,I05;I08,Zero-shot unsupervised crop-weed segmentation using foundation model features and anomaly detection,method_paper,uses_dataset_experimentally,unknown,crops;weeds,semantic_segmentation,RGB,semantic_segmentation,,yes,unknown,confirmed,opencode_ai,deepseek-v4-flash-free,AI_SCREENING_V1,2026-07-22T16:25:00Z,B003,feb7c8a80978b97f3bdcffd7291708e8ac5282301ce06c793247227bc43712be,,,2025,2025-10-19,Yue Linn Chong; Lucas Nunes; Federico Magistri; Xingguang Zhong; Jens Behley; Cyrill Stachniss,,,10.1109/iros60139.2025.11246227,,,,openalex,openalex:W4416750924,P001,backward_reference,MuST-C,14.602,False,https://doi.org/10.1109/iros60139.2025.11246227,,yes,no,no,no,no,no,no,no,no,no,no,no,no,no,no,no,no,no,no,no,no,no,no,no,no,no
TA_R0055,doi:10.1109/dicta63115.2024.00095,55,Multispectral Remote Sensing for Weed Detection in West Australian Agricultural Lands,include,high,I01;I06,Multispectral remote sensing weed detection framework with custom WA dataset; vegetation indices + deep learning,method_paper,introduces_dataset,Kondinin_Weed_MS,weeds;general_agriculture,classification;detection,multispectral;UAV;remote_sensing,classification;remote_sensing;uav;multispectral,,yes,unknown,confirmed,opencode_ai,deepseek-v4-flash-free,AI_SCREENING_V1,2026-07-22T16:25:00Z,B003,feb7c8a80978b97f3bdcffd7291708e8ac5282301ce06c793247227bc43712be,,,2024,2024-11-27,Haitian Wang; Muhammad Ibrahim; Yang Miao; Dustin Severtson; Atif Bin Mansoor; Ajmal Mian,,,10.1109/dicta63115.2024.00095,,,,openalex,openalex:W4407474035,P007,backward_reference,BAWSeg,14.602,False,https://doi.org/10.1109/dicta63115.2024.00095,,no,no,no,no,yes,no,no,no,yes,yes,no,yes,no,no,no,no,no,no,no,no,no,no,no,no,no,no
TA_R0056,doi:10.1109/iccraids67816.2026.11519698,56,A Comparative Study of Deep Learning and Classical Image Segmentation Methods for Damaged Flower Image Analysis,include,medium,I05,Comparative study of DL vs classical segmentation for damaged flower detection; U-Net and TransUNet,method_paper,uses_dataset_experimentally,unknown,flowers;quality_assessment,semantic_segmentation,RGB,semantic_segmentation,,yes,unknown,confirmed,opencode_ai,deepseek-v4-flash-free,AI_SCREENING_V1,2026-07-22T16:25:00Z,B003,feb7c8a80978b97f3bdcffd7291708e8ac5282301ce06c793247227bc43712be,,,2026,2026-04-10,Shofwatul 'Uyun; Subhan Ghufron; Abdul Mukrim; Hanny Handayani Sucinta; Bahar Nurullah,2026 International Conference on Current Research in Artificial Intelligence and Data Science (ICCRAIDS),"2026 International Conference on Current Research in Artificial Intelligence and Data Science (ICCRAIDS), 1, 1-7",10.1109/iccraids67816.2026.11519698,,,,openalex; semantic_scholar,openalex:W7162135901; semantic_scholar:eaf6152bd76f5967918f280fc67e4e2f1cd5c6d6,P011,forward_citation,PlantSeg,14.5,False,https://www.semanticscholar.org/paper/eaf6152bd76f5967918f280fc67e4e2f1cd5c6d6,,yes,no,no,no,no,no,no,no,no,no,no,no,no,no,no,no,no,no,no,no,no,no,no,no,no,no
TA_R0057,arxiv:260522366,57,AgroTools: A Benchmark for Tool-Augmented Multimodal Agents in Agriculture,include,high,I04;I09,AgroTools: benchmark for tool-augmented multimodal agents in agriculture with 539 QA instances,benchmark_or_challenge,benchmarks_dataset,AgroTools,general_agriculture,visual_question_answering;tool_use,RGB;multimodal,multimodal,,yes,unknown,confirmed,opencode_ai,deepseek-v4-flash-free,AI_SCREENING_V1,2026-07-22T16:25:00Z,B003,feb7c8a80978b97f3bdcffd7291708e8ac5282301ce06c793247227bc43712be,,,2026,2026-05-21,Zichang Ye; Yibin Wen; Xiaoyang Fan; Xinyue Zhang; Jingpei Wu; Kun Zeng; Zurong Mai; Jiarui Zhang; Bo-Xiao Shi; Juepeng Zheng; Jianxi Huang; Yutong Lu; Haohuan Fu,,,,2605.22366,,,semantic_scholar,semantic_scholar:bf9c519dd087eee40a1c46c4337ad5263f602800,P011,forward_citation,PlantSeg,14.5,False,https://www.semanticscholar.org/paper/bf9c519dd087eee40a1c46c4337ad5263f602800,,no,no,no,no,no,no,no,no,no,no,no,no,no,no,no,no,yes,no,no,no,no,no,no,no,no,no
TA_R0058,doi:10.3389/fpls.2025.1655391,58,Deep learning-based temporal change detection of broadleaved weed infestation in rice fields using UAV multispectral imagery,include,high,I05;I06,DL temporal change detection of broadleaved weed infestation in rice using UAV multispectral imagery,method_paper,uses_dataset_experimentally,unknown,rice;weeds,classification;change_detection,multispectral;UAV,classification;uav;multispectral,,yes,unknown,confirmed,opencode_ai,deepseek-v4-flash-free,AI_SCREENING_V1,2026-07-22T16:25:00Z,B003,feb7c8a80978b97f3bdcffd7291708e8ac5282301ce06c793247227bc43712be,,,2025,2025-10-28,Rhushalshafira Rosle; Nik Norasma Che’Ya; Fariq Rahmat; Nur Syazyla Sulaiman; Nurul-Idayu Zakaria; Zulkerami Berahim; Mohd Husni Omar; Mohd Razi Ismail,Frontiers in Plant Science,"Frontiers in Plant Science, 16",10.3389/fpls.2025.1655391,,41230234,12602423,openalex; semantic_scholar,openalex:W4415605468; semantic_scholar:2c48a7ab6889e986d6286470ee14ce9f4cf53985,P010,forward_citation,WeedsGalore,14.5,False,https://www.semanticscholar.org/paper/2c48a7ab6889e986d6286470ee14ce9f4cf53985,https://public-pages-files-2025.frontiersin.org/journals/plant-science/articles/10.3389/fpls.2025.1655391/pdf,no,no,no,no,yes,no,no,no,no,yes,no,yes,no,no,no,no,no,no,no,no,no,no,no,no,no,no
TA_R0059,doi:10.1145/3799830.3799845,59,DLA-HybridNet: Governance-Aware Edge Segmentation via Hybrid Aggregation Distillation,exclude,medium,E03_NO_DATASET_RELEVANCE,Segmentation method demonstrated on medical imagery; agriculture mentioned only as potential application; no ag eval,method_paper,no_dataset_relationship,,general,semantic_segmentation,RGB,semantic_segmentation,,yes,unknown,confirmed,opencode_ai,deepseek-v4-flash-free,AI_SCREENING_V1,2026-07-22T16:25:00Z,B003,feb7c8a80978b97f3bdcffd7291708e8ac5282301ce06c793247227bc43712be,,,2025,2025-12-17,Soma Dasgupta; Swarnava Dey; Arijit Mukherjee; Arpan Pal,ACM IKDD Conference on Data Science,Proceedings of the 13th ACM IKDD International Conference on Data Science,10.1145/3799830.3799845,,,,openalex; semantic_scholar,openalex:W7155514216; semantic_scholar:539442f1755907b85d510e69eea472dee92d1c4d,P010,forward_citation,WeedsGalore,14.5,True,https://www.semanticscholar.org/paper/539442f1755907b85d510e69eea472dee92d1c4d,https://doi.org/10.1145/3799830.3799845,yes,no,no,no,no,no,no,no,no,no,no,no,no,no,no,no,no,no,no,no,no,no,no,no,no,no
TA_R0060,doi:10.1038/s41598-018-38343-3,60,DeepWeeds: A Multiclass Weed Species Image Dataset for Deep Learning,include,high,I01,"DeepWeeds: large multiclass weed species image dataset from Australian rangelands; 17,509 labeled images",dataset_paper,introduces_dataset,DeepWeeds,weeds;rangeland,classification,RGB,classification,,yes,unknown,confirmed,opencode_ai,deepseek-v4-flash-free,AI_SCREENING_V1,2026-07-22T16:25:00Z,B003,feb7c8a80978b97f3bdcffd7291708e8ac5282301ce06c793247227bc43712be,,,2018,2018-10-09,Alex Olsen; Dmitry A. Konovalov; Bronson Philippa; Peter Ridd; Jake Wood; Jamie Johns; Wesley Banks; Benjamin Girgenti; Owen P. Kenny; James Whinney; Brendan Calvert; Mostafa Rahimi Azghadi; Ronald D. White,Scientific Reports,"Scientific Reports, 9",10.1038/s41598-018-38343-3,1810.05726,30765729,6375952,openalex; semantic_scholar,openalex:W2962953743; semantic_scholar:09d2e4741c85670c5db937b664b007b1e354bfc6,P007; P012,backward_reference,BAWSeg; MFWD,14.452,True,https://www.semanticscholar.org/paper/09d2e4741c85670c5db937b664b007b1e354bfc6,https://www.nature.com/articles/s41598-018-38343-3.pdf,no,no,no,no,yes,no,no,no,no,no,no,no,no,no,no,no,no,no,no,no,no,no,no,no,no,no
